Sample,Latitude,Longitude,H2O_Ce,age_published,age_NNR,age_meanNR,age_maxNR,n_frames_hydrated,age_min_across_frames,age_max_across_frames,age_spread_Myr
HLY0102008013,82.89,-6.26,272.73,120.0,120.0,120.0,120.0,4,120.0,120.0,0.0
HLY0102012007,83.342,-4.9808,322.15,120.0,120.0,120.0,120.0,4,120.0,120.0,0.0
HLY0102014002,83.425,-4.4725,301.78,120.0,120.0,120.0,120.0,4,120.0,120.0,0.0
HLY0102021004,83.857,-1.935,303.23,120.0,120.0,120.0,120.0,4,120.0,120.0,0.0
HLY0102022002,83.91,-1.31,288.0,120.0,120.0,120.0,120.0,4,120.0,120.0,0.0
HLY0102027029,84.483,2.7542,296.58,120.0,120.0,120.0,120.0,4,120.0,120.0,0.0
HLY0102028018,84.504,2.6608,317.77,120.0,120.0,120.0,120.0,4,120.0,120.0,0.0
HLY0102036064,85.263,12.406,250.0,120.0,120.0,120.0,120.0,4,120.0,120.0,0.0
POL0059199003,85.563,16.231,304.22,120.0,120.0,120.0,120.0,4,120.0,120.0,0.0
HLY0102063026,85.634,84.582,240.0,140.0,120.0,120.0,120.0,4,120.0,140.0,20.0
HLY0102061005,85.635,85.05,179.49,140.0,120.0,120.0,120.0,4,120.0,140.0,20.0
HLY0102048SG,86.048,31.517,218.18,120.0,120.0,120.0,120.0,4,120.0,120.0,0.0
POL0059309001,86.238,35.894,208.89,120.0,120.0,120.0,120.0,4,120.0,120.0,0.0
HLY0102091001,86.329,35.627,229.73,120.0,120.0,120.0,120.0,4,120.0,120.0,0.0
HLY0102086029,86.346,39.07,187.5,120.0,120.0,120.0,120.0,4,120.0,120.0,0.0
HLY0102085125,86.372,40.169,269.03,120.0,120.0,120.0,120.0,4,120.0,120.0,0.0
HLY0102088002,86.387,39.176,237.5,120.0,120.0,120.0,120.0,4,120.0,120.0,0.0
HLY0102067001,86.4,72.68,170.0,120.0,120.0,120.0,120.0,4,120.0,120.0,0.0
POL0059305SG1,86.419,41.082,265.7,120.0,120.0,120.0,120.0,4,120.0,120.0,0.0
HLY0102083001,86.501,42.438,269.15,120.0,120.0,120.0,120.0,4,120.0,120.0,0.0
HLY0102083010,86.501,42.438,262.08,120.0,120.0,120.0,120.0,4,120.0,120.0,0.0
HLY0102083011,86.501,42.438,249.5,120.0,120.0,120.0,120.0,4,120.0,120.0,0.0
HLY0102052001,86.518,42.138,238.41,120.0,120.0,120.0,120.0,4,120.0,120.0,0.0
HLY0102052002,86.518,42.138,268.51,120.0,120.0,120.0,120.0,4,120.0,120.0,0.0
HLY0102R019,86.547,43.195,229.17,120.0,120.0,120.0,120.0,4,120.0,120.0,0.0
HLY0102051033,86.555,43.549,195.31,120.0,120.0,120.0,120.0,4,120.0,120.0,0.0
HLY0102051025,86.555,43.549,230.31,120.0,120.0,120.0,120.0,4,120.0,120.0,0.0
HLY0102082005,86.614,44.748,237.93,120.0,120.0,120.0,120.0,4,120.0,120.0,0.0
HLY0102054003,86.644,48.765,244.97,120.0,120.0,120.0,120.0,4,120.0,120.0,0.0
HLY0102081131,86.647,46.612,318.64,120.0,120.0,120.0,120.0,4,120.0,120.0,0.0
POL0059297044,86.677,46.982,433.57,120.0,120.0,120.0,120.0,4,120.0,120.0,0.0
POL0059297081,86.677,46.982,273.25,120.0,120.0,120.0,120.0,4,120.0,120.0,0.0
HLY0102053007,86.681,49.228,279.61,120.0,120.0,120.0,120.0,4,120.0,120.0,0.0
HLY0102080009,86.696,48.355,510.11,120.0,120.0,120.0,120.0,4,120.0,120.0,0.0
POL0059274008,86.726,66.867,318.86,120.0,120.0,120.0,120.0,4,120.0,120.0,0.0
POL0059274028,86.726,66.867,267.62,120.0,120.0,120.0,120.0,4,120.0,120.0,0.0
POL0059274060,86.726,66.867,261.23,120.0,120.0,120.0,120.0,4,120.0,120.0,0.0
POL0059270016,86.743,49.842,277.46,120.0,120.0,120.0,120.0,4,120.0,120.0,0.0
POL0059270008,86.743,49.842,266.37,120.0,120.0,120.0,120.0,4,120.0,120.0,0.0
POL0059299001,86.747,46.293,444.44,120.0,120.0,120.0,120.0,4,120.0,120.0,0.0
POL0059295001,86.811,52.195,219.65,120.0,120.0,120.0,120.0,4,120.0,120.0,0.0
POL0059295002,86.811,52.195,294.3,120.0,120.0,120.0,120.0,4,120.0,120.0,0.0
POL0059295009,86.811,52.195,260.44,120.0,120.0,120.0,120.0,4,120.0,120.0,0.0
POL0059271002,86.829,47.808,212.81,120.0,120.0,120.0,120.0,4,120.0,120.0,0.0
POL0059271058,86.829,47.808,268.25,120.0,120.0,120.0,120.0,4,120.0,120.0,0.0
HLY0102078004,86.829,51.72,251.1,120.0,120.0,120.0,120.0,4,120.0,120.0,0.0
HLY0102079002,86.832,49.656,390.46,120.0,120.0,120.0,120.0,4,120.0,120.0,0.0
HLY0102077001,86.88,51.212,265.06,120.0,120.0,120.0,120.0,4,120.0,120.0,0.0
POL0059294018,86.897,56.233,364.1,120.0,120.0,120.0,120.0,4,120.0,120.0,0.0
HLY0102076017,86.902,54.095,558.46,120.0,120.0,120.0,120.0,4,120.0,120.0,0.0
POL0059293007,86.911,58.555,264.55,120.0,120.0,120.0,120.0,4,120.0,120.0,0.0
HLY0102073017,86.96,57.364,192.86,120.0,120.0,120.0,120.0,4,120.0,120.0,0.0
HLY0102073012,86.96,57.364,227.44,120.0,120.0,120.0,120.0,4,120.0,120.0,0.0
HLY0102075003,86.967,53.897,237.27,120.0,120.0,120.0,120.0,4,120.0,120.0,0.0
HLY0102074015,86.979,55.32,284.55,120.0,120.0,120.0,120.0,4,120.0,120.0,0.0
HLY0102055019,87.031,59.471,414.96,120.0,120.0,120.0,120.0,4,120.0,120.0,0.0
PS59199003,85.5625,16.2308,317.766,120.0,120.0,120.0,120.0,4,120.0,120.0,0.0
201,85.5944,85.5275,381.772,140.0,120.0,120.0,120.0,4,120.0,140.0,20.0
231,85.5992,85.5817,154.337,140.0,120.0,120.0,120.0,4,120.0,140.0,20.0
191,85.6047,85.2517,183.412,140.0,120.0,120.0,120.0,4,120.0,140.0,20.0
251,85.6047,85.2844,163.508,140.0,120.0,120.0,120.0,4,120.0,140.0,20.0
161,85.6064,85.1789,176.712,140.0,120.0,120.0,120.0,4,120.0,140.0,20.0
151,85.6114,85.1989,201.786,140.0,120.0,120.0,120.0,4,120.0,140.0,20.0
139,85.6139,85.3242,176.511,140.0,120.0,120.0,120.0,4,120.0,140.0,20.0
131,85.6139,85.3547,193.823,140.0,120.0,120.0,120.0,4,120.0,140.0,20.0
43435,85.6264,85.2397,164.669,140.0,120.0,120.0,120.0,4,120.0,140.0,20.0
POL0059301SG,86.6292,41.2367,225.783,120.0,120.0,120.0,120.0,4,120.0,120.0,0.0
VG5845,-58.65,-16.21,171.543,,,,,0,,,
VG5846,-58.65,-16.21,204.678,,,,,0,,,
VG5784,-57.47,-7.01,169.866,,,,,0,,,
MELVULC5030060,-57.468,-7.01,191.799,,,,,0,,,
VG5781,-57.05,-6.06,151.532,,,,,0,,,
VG5780,-56.96,-6.13,96.492,,,,,0,,,
MELVULC5027034,-56.895,-6.043,173.062,,,,,0,,,
MELVULC5027019,-56.895,-6.043,198.046,,,,,0,,,
VG5764,-56.89,-6.04,160.709,,,,,0,,,
VG5768,-56.89,-6.04,127.476,,,,,0,,,
VG5765,-56.89,-6.04,501.26,,,,,0,,,
VG5763,-56.61,-4.45,206.902,,,,,0,,,
MELVULC5024017,-56.043,-4.702,106.039,,,,,0,,,
VG5761,-56.04,-4.7,213.47,,,,,0,,,
VG5760,-56.04,-4.7,335.873,,,,,0,,,
VG5697,-55.84,-4.42,193.013,,,,,0,,,
VG5696,-55.84,-4.42,184.123,,,,,0,,,
VG5699,-55.84,-4.42,126.176,,,,,0,,,
VG5690,-55.83,-4.42,172.738,,,,,0,,,
VG5691,-55.83,-4.42,184.387,,,,,0,,,
CHN01154001001,-54.598,-0.968,158.195,,,,,0,,,
ANS0018060001,-54.42,-1.36,180.158,,,,,0,,,
AII01077006020,-41.248,-16.603,245.646,,,,,0,,,
AII01077010001,-38.882,-16.24,176.916,,,,,0,,,
AII01077013001,-37.833,-17.142,168.737,,,,,0,,,
WASPLUM5058,-33.806,-14.544,196.537,,380.0,,,1,380.0,380.0,0.0
VG7301,-33.72,-14.25,186.553,,,,,0,,,
WASPLUM5050001,-33.695,-14.571,169.407,,380.0,,,1,380.0,380.0,0.0
WASPLUM5050002,-33.695,-14.571,190.881,,380.0,,,1,380.0,380.0,0.0
WASPLUM5R006,-33.039,-14.416,161.241,,380.0,,,1,380.0,380.0,0.0
WASPLUM5R005,-33.038,-14.48,186.836,,380.0,,,1,380.0,380.0,0.0
SMARTAS013001,-32.1842,-13.639,123.797,,380.0,,,1,380.0,380.0,0.0
WASPLUM5062001,-32.074,-13.304,124.153,,380.0,,,1,380.0,380.0,0.0
WASPLUM5063001,-31.986,-13.323,112.56,,380.0,,,1,380.0,380.0,0.0
VG191,-21.93,-11.81,175.071,,380.0,380.0,,2,380.0,380.0,0.0
VG195,-21.87,-11.85,170.62,,380.0,380.0,,2,380.0,380.0,0.0
VG196,-21.87,-11.85,178.026,,380.0,380.0,,2,380.0,380.0,0.0
END0063002,-21.5,-11.82,167.1,,380.0,380.0,,2,380.0,380.0,0.0
EN0632D5G,-21.498,-11.822,168.625,,380.0,380.0,,2,380.0,380.0,0.0
END0061018,-15.463,-13.262,157.439,380.0,,380.0,,2,380.0,380.0,0.0
EN0612D1,-2.24,-12.4,142.732,380.0,,,,1,380.0,380.0,0.0
RC28062D1,-2.18,-12.64,209.171,380.0,,,,1,380.0,380.0,0.0
RC28063D2G,-1.843,-12.955,193.469,380.0,,,,1,380.0,380.0,0.0
RC280613D3G,-1.365,-15.919,318.446,,,,,0,,,
RC28065D1G,-1.162,-13.068,122.85,380.0,,,,1,380.0,380.0,0.0
VG3629,-1.12,-24.58,297.372,,,,380.0,1,380.0,380.0,0.0
VG3628,-1.12,-24.58,340.323,,,,380.0,1,380.0,380.0,0.0
RC280610D6G,-1.062,-15.976,296.743,,,,,0,,,
RC280619D1G,-1.013,-24.604,259.061,,,,380.0,1,380.0,380.0,0.0
RC280623D1G,-0.572,-24.612,262.133,,,,380.0,1,380.0,380.0,0.0
VG3627,-0.56,-16.02,226.563,,,,,0,,,
RC28068D1G,-0.405,-16.089,288.044,,,,,0,,,
RC280616D10G,-0.27,-16.235,256.999,,,,,0,,,
RC280616D5G,-0.27,-16.235,528.74,,,,,0,,,
RC280616D1G,-0.27,-16.235,552.652,,,,,0,,,
RC280616D4G,-0.27,-16.235,341.763,,,,,0,,,
RC280616D6G,-0.27,-16.235,232.262,,,,,0,,,
RC280625D2G,-0.151,-24.813,304.82,,,,380.0,1,380.0,380.0,0.0
RC280618D1G,-0.044,-16.467,293.173,,,,380.0,1,380.0,380.0,0.0
RC280618D2G,-0.044,-16.467,249.284,,,,380.0,1,380.0,380.0,0.0
RC280618D3G,-0.044,-16.467,287.984,,,,380.0,1,380.0,380.0,0.0
RC280626D1G,0.037,-24.872,385.861,,,,380.0,1,380.0,380.0,0.0
RC280626D6G,0.037,-24.872,256.831,,,,380.0,1,380.0,380.0,0.0
RC280628D1AG,0.365,-24.973,316.107,,,,380.0,1,380.0,380.0,0.0
RC280631D1G,0.654,-25.455,342.022,,,,380.0,1,380.0,380.0,0.0
RC280635D2G,0.789,-30.4,311.97,,,,380.0,1,380.0,380.0,0.0
RC280635D8G,0.789,-30.4,318.924,,,,380.0,1,380.0,380.0,0.0
RC280635D4G,0.789,-30.4,347.101,,,,380.0,1,380.0,380.0,0.0
RC280635D1G,0.789,-30.4,328.051,,,,380.0,1,380.0,380.0,0.0
RC280632D1G,0.821,-26.352,336.681,,,,380.0,1,380.0,380.0,0.0
RC280636D1G,0.954,-30.416,266.958,,,,380.0,1,380.0,380.0,0.0
RC280633D1G,0.986,-27.691,405.058,,,,380.0,1,380.0,380.0,0.0
RC280634D1G,1.023,-27.702,268.223,,,,380.0,1,380.0,380.0,0.0
RC280634D2G,1.023,-27.702,399.171,,,,380.0,1,380.0,380.0,0.0
RC280637D1G,1.096,-30.437,245.061,,,,380.0,1,380.0,380.0,0.0
RC280640D9G,1.704,-30.64,281.411,,,,,0,,,
RC280641D1G,1.93,-30.639,239.094,,,,,0,,,
RC280642D7G,2.176,-30.676,273.23,,,,,0,,,
RC280644D1G,2.867,-31.268,335.913,,,,,0,,,
RC280645D1G,2.87,-31.345,297.858,,,,,0,,,
RC280647D1G,3.132,-31.364,346.919,,,,,0,,,
RC280648D9G,3.458,-31.49,205.01,,,,,0,,,
RC280649D1G,3.701,-31.513,258.833,,,,,0,,,
RC280654D1G,3.934,-31.556,338.973,,,,,0,,,
RC280659D1G,4.195,-32.578,293.756,,,,,0,,,
RC280656D3G,4.613,-32.665,384.559,,,,,0,,,
RC280655D3G,4.907,-32.688,329.859,,,,,0,,,
VG3577,5.92,-33.25,310.11,,,,,0,,,
VG3615,6.01,-33.28,321.408,,,,,0,,,
VG3614,6.01,-33.28,230.428,,,,,0,,,
VG3590,6.01,-33.28,345.186,,,,,0,,,
VG3591,7.15,-33.97,333.215,,,,,0,,,
VG3592,7.82,-38.04,334.09,300.0,,280.0,300.0,3,280.0,300.0,20.0
VG3616,11.07,-44.22,259.233,240.0,240.0,240.0,240.0,4,240.0,240.0,0.0
VG3593,11.07,-44.22,240.356,240.0,240.0,240.0,240.0,4,240.0,240.0,0.0
VG3594,11.4,-43.5,221.128,240.0,240.0,240.0,240.0,4,240.0,240.0,0.0
VG3596,11.42,-43.58,229.94,240.0,240.0,240.0,240.0,4,240.0,240.0,0.0
VG3579,11.48,-43.63,222.746,240.0,240.0,240.0,240.0,4,240.0,240.0,0.0
VG3622,11.48,-43.63,213.068,240.0,240.0,240.0,240.0,4,240.0,240.0,0.0
VG3623,11.48,-43.63,177.661,240.0,240.0,240.0,240.0,4,240.0,240.0,0.0
VG3621,11.48,-43.63,191.822,240.0,240.0,240.0,240.0,4,240.0,240.0,0.0
VG3595,11.52,-43.6,198.015,240.0,240.0,240.0,240.0,4,240.0,240.0,0.0
VG3625,11.52,-43.6,222.62,240.0,240.0,240.0,240.0,4,240.0,240.0,0.0
VG3620,11.97,-43.7,193.867,240.0,240.0,240.0,240.0,4,240.0,240.0,0.0
VG3617,11.97,-43.7,175.787,240.0,240.0,240.0,240.0,4,240.0,240.0,0.0
ABP1985040002,12.42,-44.11,203.736,240.0,240.0,240.0,240.0,4,240.0,240.0,0.0
ABP1985040,12.42,-44.11,214.685,240.0,240.0,240.0,240.0,4,240.0,240.0,0.0
2D43,13.5,-45.0,149.712,240.0,240.0,240.0,240.0,4,240.0,240.0,0.0
ABP1985043G,13.733,-44.988,187.702,240.0,240.0,240.0,240.0,4,240.0,240.0,0.0
ABP1985043,13.733,-44.988,148.291,240.0,240.0,240.0,240.0,4,240.0,240.0,0.0
KNO0054ST063D034091,18.58,-81.72,229.286,60.0,60.0,60.0,60.0,4,60.0,60.0,0.0
VG291,22.17,-45.25,173.679,220.0,220.0,220.0,240.0,4,220.0,240.0,20.0
VG286,22.17,-45.25,222.533,220.0,220.0,220.0,240.0,4,220.0,240.0,20.0
VG287,22.17,-45.25,185.167,220.0,220.0,220.0,240.0,4,220.0,240.0,20.0
VG923,22.24,-45.02,296.879,220.0,220.0,220.0,240.0,4,220.0,240.0,20.0
VG931,22.24,-45.02,270.158,220.0,220.0,220.0,240.0,4,220.0,240.0,20.0
VG930,22.24,-45.02,226.772,220.0,220.0,220.0,240.0,4,220.0,240.0,20.0
VG929,22.24,-45.02,212.491,220.0,220.0,220.0,240.0,4,220.0,240.0,20.0
VG922,22.24,-45.02,254.122,220.0,220.0,220.0,240.0,4,220.0,240.0,20.0
VG294,22.24,-45.02,165.413,220.0,220.0,220.0,240.0,4,220.0,240.0,20.0
VG4259,22.45,-45.02,217.362,220.0,220.0,220.0,240.0,4,220.0,240.0,20.0
VG290,22.483,-45.05,217.876,220.0,220.0,220.0,240.0,4,220.0,240.0,20.0
VG293,22.8,-45.2,215.543,220.0,220.0,220.0,240.0,4,220.0,240.0,20.0
NORSDM2R001,22.806,-44.9335,210.855,220.0,220.0,220.0,240.0,4,220.0,240.0,20.0
KNO0115022,22.84,-45.0183,248.675,220.0,220.0,220.0,240.0,4,220.0,240.0,20.0
KNO0115021A,23.08,-44.99,204.754,220.0,220.0,220.0,240.0,4,220.0,240.0,20.0
KNO0115017,23.195,-44.975,228.285,220.0,220.0,220.0,240.0,4,220.0,240.0,20.0
KNO0115013A,23.462,-44.93,197.889,220.0,220.0,220.0,240.0,4,220.0,240.0,20.0
VG754,23.563,-44.83,232.864,220.0,220.0,220.0,240.0,4,220.0,240.0,20.0
KNO0115011,23.578,-44.9,234.094,220.0,220.0,220.0,240.0,4,220.0,240.0,20.0
AII00963014003,23.603,-45.027,233.231,220.0,220.0,220.0,240.0,4,220.0,240.0,20.0
KNO0115025,23.6163,-44.8883,220.827,220.0,220.0,220.0,240.0,4,220.0,240.0,20.0
VG3838,23.62,-45.04,237.958,220.0,220.0,220.0,240.0,4,220.0,240.0,20.0
GIL0104029001,23.647,-44.802,214.708,220.0,220.0,220.0,240.0,4,220.0,240.0,20.0
VG3832,24.16,-46.27,238.2,220.0,220.0,220.0,240.0,4,220.0,240.0,20.0
VG3831,24.16,-46.27,249.315,220.0,220.0,220.0,240.0,4,220.0,240.0,20.0
VG3830,24.18,-46.28,245.737,220.0,220.0,220.0,240.0,4,220.0,240.0,20.0
CHR0098017,24.467,-46.25,250.116,220.0,220.0,220.0,240.0,4,220.0,240.0,20.0
VG760,25.4,-45.3,244.887,220.0,220.0,220.0,240.0,4,220.0,240.0,20.0
VG761,25.4,-45.3,262.849,220.0,220.0,220.0,240.0,4,220.0,240.0,20.0
NORGMRO011A,25.4203,-36.2167,244.393,,340.0,240.0,,2,240.0,340.0,100.0
VG990,25.77,-45.16,255.336,220.0,220.0,220.0,240.0,4,220.0,240.0,20.0
AII01295002003,26.113,-44.803,208.842,220.0,220.0,220.0,240.0,4,220.0,240.0,20.0
N1,28.88,-43.33,215.375,220.0,220.0,220.0,220.0,4,220.0,220.0,0.0
VG3078,28.9,-43.32,510.309,220.0,220.0,220.0,220.0,4,220.0,220.0,0.0
VG3077,28.9,-43.32,561.881,220.0,220.0,220.0,220.0,4,220.0,220.0,0.0
VG3092,28.9,-43.32,574.392,220.0,220.0,220.0,220.0,4,220.0,220.0,0.0
VG3079,28.9,-43.32,625.618,220.0,220.0,220.0,220.0,4,220.0,220.0,0.0
VG3458,28.9,-43.32,567.37,220.0,220.0,220.0,220.0,4,220.0,220.0,0.0
VG3071,28.9,-43.32,638.046,220.0,220.0,220.0,220.0,4,220.0,220.0,0.0
VG3074,28.9,-43.32,585.049,220.0,220.0,220.0,220.0,4,220.0,220.0,0.0
VG3075,28.9,-43.32,599.61,220.0,220.0,220.0,220.0,4,220.0,220.0,0.0
VG3456,28.9,-43.32,528.459,220.0,220.0,220.0,220.0,4,220.0,220.0,0.0
VG3090,28.9,-43.32,549.362,220.0,220.0,220.0,220.0,4,220.0,220.0,0.0
VG3073,28.9,-43.32,253.642,220.0,220.0,220.0,220.0,4,220.0,220.0,0.0
VG3076,28.9,-43.32,290.955,220.0,220.0,220.0,220.0,4,220.0,220.0,0.0
ALV2601,29.095,-43.193,618.075,220.0,220.0,220.0,220.0,4,220.0,220.0,0.0
CHR0098012,30.167,-41.917,511.114,220.0,220.0,220.0,220.0,4,220.0,220.0,0.0
VG5491,30.68,-41.82,228.571,220.0,220.0,220.0,220.0,4,220.0,220.0,0.0
CHR0098011,30.683,-41.817,236.727,220.0,220.0,220.0,220.0,4,220.0,220.0,0.0
VG5490,30.7,-41.83,245.447,220.0,220.0,220.0,220.0,4,220.0,220.0,0.0
TRI0123005003,32.62,-39.87,272.452,220.0,240.0,220.0,220.0,4,220.0,240.0,20.0
D01A,33.17,-39.2478,278.178,220.0,320.0,220.0,220.0,4,220.0,320.0,100.0
RC02,33.3412,-39.141,247.96,220.0,320.0,220.0,220.0,4,220.0,320.0,100.0
RC03,33.476,-39.132,441.552,220.0,320.0,220.0,220.0,4,220.0,320.0,100.0
D55A,33.7225,-37.7807,331.081,,320.0,220.0,240.0,3,220.0,320.0,100.0
RC152,33.8143,-37.7415,278.904,,320.0,220.0,240.0,3,220.0,320.0,100.0
RC151A,33.8843,-37.7138,237.674,,320.0,220.0,240.0,3,220.0,320.0,100.0
RC150,33.9435,-37.6953,342.956,,320.0,,240.0,2,240.0,320.0,80.0
RC06,33.9733,-37.6883,272.323,,320.0,,240.0,2,240.0,320.0,80.0
RC149,34.2128,-37.154,259.815,,320.0,,240.0,2,240.0,320.0,80.0
FF4,34.385,-37.0873,247.801,,320.0,,240.0,2,240.0,320.0,80.0
D523,34.5745,-36.5163,247.981,,320.0,,,1,320.0,320.0,0.0
RC1482,34.6335,-36.5005,224.136,,320.0,,,1,320.0,320.0,0.0
RC1463,34.7552,-36.4768,259.726,,320.0,,,1,320.0,320.0,0.0
D501OLMI,34.838,-36.43,252.784,,320.0,,,1,320.0,320.0,0.0
RC14,34.904,-36.4245,234.006,,320.0,,,1,320.0,320.0,0.0
D097,35.21,-34.77,82.2242,,320.0,,,1,320.0,320.0,0.0
RC16,35.2662,-36.3507,223.267,,320.0,,,1,320.0,320.0,0.0
RC19,35.3218,-34.8822,156.436,,320.0,,,1,320.0,320.0,0.0
TRI0119007SG,35.33,-34.9,148.321,,320.0,,,1,320.0,320.0,0.0
D41A,35.6655,-34.283,203.413,,320.0,,,1,320.0,320.0,0.0
TRI0119006010,35.84,-34.18,227.742,,320.0,,,1,320.0,320.0,0.0
D102A,35.9447,-34.1671,254.213,,320.0,,,1,320.0,320.0,0.0
RC130,35.9915,-34.144,223.013,,320.0,,,1,320.0,320.0,0.0
D114,36.152,-33.9855,236.159,,320.0,,,1,320.0,320.0,0.0
D116,36.152,-33.9855,320.114,,320.0,,,1,320.0,320.0,0.0
RC1252,36.3958,-33.6618,230.825,,320.0,,,1,320.0,320.0,0.0
VG3335,36.43,-33.66,224.157,,320.0,,,1,320.0,320.0,0.0
VG3790,36.43,-33.65,300.014,,320.0,,,1,320.0,320.0,0.0
ALV0829008,36.43,-33.64,252.771,,320.0,,,1,320.0,320.0,0.0
ALV0829012,36.432,-33.642,274.557,,320.0,,,1,320.0,320.0,0.0
ALV0829013,36.432,-33.642,304.936,,320.0,,,1,320.0,320.0,0.0
VG3961,36.44,-33.67,457.984,,320.0,,,1,320.0,320.0,0.0
AII0077016042,36.442,-33.642,257.039,,320.0,,,1,320.0,320.0,0.0
GIL0103004004,36.443,-33.6267,273.834,,320.0,,,1,320.0,320.0,0.0
VG3799,36.45,-33.68,254.084,,320.0,,,1,320.0,320.0,0.0
RC1262A,36.4598,-33.6205,312.687,,320.0,,,1,320.0,320.0,0.0
RC1262B,36.4598,-33.6205,298.966,,320.0,,,1,320.0,320.0,0.0
VG3967,36.46,-33.63,280.439,,320.0,,,1,320.0,320.0,0.0
VG3793,36.46,-33.63,500.676,,320.0,,,1,320.0,320.0,0.0
VG3966,36.46,-33.62,258.61,,320.0,,,1,320.0,320.0,0.0
VG3965,36.46,-33.62,246.298,,320.0,,,1,320.0,320.0,0.0
VG3331,36.46,-33.58,295.863,,320.0,,,1,320.0,320.0,0.0
RC1271,36.465,33.629,260.097,0.0,0.0,0.0,0.0,4,0.0,0.0,0.0
VG3968,36.47,-33.63,245.309,,320.0,,,1,320.0,320.0,0.0
RC1281,36.4777,-33.6437,296.366,,320.0,,,1,320.0,320.0,0.0
RC1283,36.4777,-33.6437,268.023,,320.0,,,1,320.0,320.0,0.0
VG3964,36.48,-33.71,380.702,,320.0,,,1,320.0,320.0,0.0
RC1221,36.5197,-33.6203,400.955,,320.0,,,1,320.0,320.0,0.0
RC26A,36.5602,-33.6112,298.107,,320.0,,,1,320.0,320.0,0.0
VG3330,36.58,-33.52,253.973,,320.0,,,1,320.0,320.0,0.0
ALV0832002,36.728,-33.301,251.032,,320.0,,,1,320.0,320.0,0.0
ALV0830002,36.73,-33.32,222.892,,320.0,,,1,320.0,320.0,0.0
VG3769,36.75,-33.29,276.539,,320.0,,,1,320.0,320.0,0.0
VG3768,36.75,-33.29,258.97,,320.0,,,1,320.0,320.0,0.0
VG3925,36.76,-33.29,252.844,,320.0,,,1,320.0,320.0,0.0
VG4087,36.77,-33.39,292.485,,320.0,,,1,320.0,320.0,0.0
VG4089,36.77,-33.39,260.055,,320.0,,,1,320.0,320.0,0.0
VG4088,36.77,-33.39,299.226,,320.0,,,1,320.0,320.0,0.0
VG3766,36.78,-33.3,235.106,,320.0,,,1,320.0,320.0,0.0
VG3767,36.78,-33.3,252.72,,320.0,,,1,320.0,320.0,0.0
VG3765,36.78,-33.29,236.983,,320.0,,,1,320.0,320.0,0.0
VG3922,36.78,-33.28,258.228,,320.0,,,1,320.0,320.0,0.0
VG3797,36.78,-33.28,269.784,,320.0,,,1,320.0,320.0,0.0
ALV0527001001,36.808,-33.26,241.796,,320.0,,,1,320.0,320.0,0.0
VG3403,36.81,-33.26,229.306,,320.0,,,1,320.0,320.0,0.0
ALV0525005002,36.812,-33.273,254.023,,320.0,,,1,320.0,320.0,0.0
ALV0528004,36.812,-33.265,282.794,,320.0,,,1,320.0,320.0,0.0
ALV0519004001,36.815,-33.265,246.377,,320.0,,,1,320.0,320.0,0.0
VG3385,36.83,-33.25,234.799,,320.0,,,1,320.0,320.0,0.0
CHR0031001112,36.8334,-33.2667,273.438,,320.0,,,1,320.0,320.0,0.0
ARP1974012019,36.858,-33.258,205.55,,320.0,,,1,320.0,320.0,0.0
VG841,36.88,-33.64,266.502,,320.0,,,1,320.0,320.0,0.0
VG839,36.88,-33.64,275.597,,320.0,,,1,320.0,320.0,0.0
VG836,36.88,-33.64,286.155,,320.0,,,1,320.0,320.0,0.0
VG832,36.88,-33.64,309.429,,320.0,,,1,320.0,320.0,0.0
VG838,36.88,-33.64,350.421,,320.0,,,1,320.0,320.0,0.0
D13A,36.9843,-32.9458,231.914,,320.0,,,1,320.0,320.0,0.0
D14A,37.0618,-32.8885,286.265,,320.0,,,1,320.0,320.0,0.0
D38A,37.111,-32.3475,308.181,,320.0,,,1,320.0,320.0,0.0
D37A,37.2557,-32.2997,248.43,,320.0,,,1,320.0,320.0,0.0
D36A,37.2557,-32.2878,291.0,,320.0,,,1,320.0,320.0,0.0
D15A,37.2905,-32.2825,261.636,,320.0,,,1,320.0,320.0,0.0
D161,37.458,-32.2248,218.655,,320.0,,,1,320.0,320.0,0.0
D17A,37.8363,-31.5182,153.666,,320.0,,,1,320.0,320.0,0.0
D191A,38.1227,-30.7283,140.92,,320.0,,,1,320.0,320.0,0.0
TR8921D1,38.43,-30.36,295.243,,320.0,,,1,320.0,320.0,0.0
D21B,38.4908,-30.2653,256.174,,340.0,,,1,340.0,340.0,0.0
RC59,38.6075,-30.2243,267.323,,340.0,,,1,340.0,340.0,0.0
RC63,38.8283,-30.0873,217.795,,340.0,,,1,340.0,340.0,0.0
TRI0154021003,38.89,-30.05,245.409,,340.0,,,1,340.0,340.0,0.0
D22A,39.0378,-30.025,220.285,,340.0,,,1,340.0,340.0,0.0
D22B,39.0378,-30.025,241.046,,340.0,,,1,340.0,340.0,0.0
D29A,39.432,-29.8455,216.43,,340.0,,,1,340.0,340.0,0.0
D27A,39.5052,-29.7378,264.583,,340.0,,,1,340.0,340.0,0.0
D26A,39.9075,-29.6722,294.537,,340.0,,,1,340.0,340.0,0.0
D24A,40.5225,-29.5367,216.642,,340.0,,,1,340.0,340.0,0.0
TR15418D2,41.18,-29.31,267.311,,340.0,,,1,340.0,340.0,0.0
VG203,42.95,-29.23,311.835,,340.0,,,1,340.0,340.0,0.0
VG204,42.95,-29.23,287.244,,340.0,,,1,340.0,340.0,0.0
VG201,42.96,-29.18,292.344,,340.0,,,1,340.0,340.0,0.0
VG200,42.96,-29.18,301.367,,340.0,,,1,340.0,340.0,0.0
AII00323012007,42.96,-29.18,319.069,,340.0,,,1,340.0,340.0,0.0
TR15412D1,43.37,-28.98,332.545,,340.0,,,1,340.0,340.0,0.0
VG311,45.0,-28.0,318.891,,340.0,,,1,340.0,340.0,0.0
VG314,45.12,-28.33,324.369,,340.0,,,1,340.0,340.0,0.0
VG313,45.12,-28.14,316.978,,340.0,,,1,340.0,340.0,0.0
VG312,45.22,-28.0,318.4,,340.0,,,1,340.0,340.0,0.0
VG305,45.33,-28.03,343.93,,340.0,,,1,340.0,340.0,0.0
VG310,45.33,-28.03,324.201,,340.0,,,1,340.0,340.0,0.0
VG309,45.33,-28.03,304.733,,340.0,,,1,340.0,340.0,0.0
VG308,45.62,-27.72,357.651,,340.0,,,1,340.0,340.0,0.0
VG9277,47.05,-27.35,288.962,,320.0,,,1,320.0,320.0,0.0
VG1699,48.54,-28.04,250.066,,320.0,,,1,320.0,320.0,0.0
TRI0138006001,50.043,-28.933,220.513,,320.0,380.0,,2,320.0,380.0,60.0
TRI0138007001,50.46,-29.42,237.443,,320.0,360.0,,2,320.0,360.0,40.0
TRI0138008001,51.28,-30.02,230.86,380.0,320.0,360.0,,3,320.0,380.0,60.0
VG9960,51.56,-29.92,242.305,360.0,320.0,360.0,,3,320.0,360.0,40.0
VG1693,51.84,-30.07,268.04,360.0,320.0,360.0,,3,320.0,360.0,40.0
VG1694,51.84,-30.07,262.827,360.0,320.0,360.0,,3,320.0,360.0,40.0
VG1698,51.84,-30.07,308.089,360.0,320.0,360.0,,3,320.0,360.0,40.0
VG9966,52.01,-29.95,222.515,360.0,320.0,360.0,,3,320.0,360.0,40.0
TRI0138011001,52.01,-29.95,255.556,360.0,320.0,360.0,,3,320.0,360.0,40.0
VG1679,53.19,-35.09,279.728,320.0,320.0,340.0,,3,320.0,340.0,20.0
VG6925,54.76,-35.22,228.415,320.0,320.0,320.0,,3,320.0,320.0,0.0
EN0252D4G,54.76,-35.22,303.437,320.0,320.0,320.0,,3,320.0,320.0,0.0
VG6979,57.14,-33.42,336.043,320.0,320.0,320.0,,3,320.0,320.0,0.0
DAR0080033A001,58.04,-32.291,400.0,320.0,320.0,320.0,,3,320.0,320.0,0.0
VG2290,59.75,-29.87,332.484,320.0,320.0,320.0,,3,320.0,320.0,0.0
VG2291,59.75,-29.87,300.62,320.0,320.0,320.0,,3,320.0,320.0,0.0
VG2292,59.75,-29.87,315.518,320.0,320.0,320.0,,3,320.0,320.0,0.0
VG2293,59.75,-29.87,326.178,320.0,320.0,320.0,,3,320.0,320.0,0.0
VG2294,59.75,-29.87,283.049,320.0,320.0,320.0,,3,320.0,320.0,0.0
VG2297,59.75,-29.87,305.722,320.0,320.0,320.0,,3,320.0,320.0,0.0
VG2298,59.75,-29.87,344.228,320.0,320.0,320.0,,3,320.0,320.0,0.0
VG2299,59.75,-29.87,338.527,320.0,320.0,320.0,,3,320.0,320.0,0.0
VG2340,59.77,-29.8,314.507,320.0,320.0,320.0,,3,320.0,320.0,0.0
VG2341,59.77,-29.8,319.962,320.0,320.0,320.0,,3,320.0,320.0,0.0
VG2342,59.77,-29.8,342.057,320.0,320.0,320.0,,3,320.0,320.0,0.0
VG2343,59.77,-29.8,306.183,320.0,320.0,320.0,,3,320.0,320.0,0.0
VG2346,59.77,-29.8,297.455,320.0,320.0,320.0,,3,320.0,320.0,0.0
TRI0041022001,60.02,-29.48,368.764,320.0,320.0,320.0,,3,320.0,320.0,0.0
TRI0041020003,60.03,-29.38,417.495,320.0,320.0,320.0,,3,320.0,320.0,0.0
TRI0101033006,60.457,-28.885,442.424,320.0,320.0,320.0,,3,320.0,320.0,0.0
TRI0101031009,60.73,-28.42,719.794,320.0,320.0,320.0,,3,320.0,320.0,0.0
TRI0101030010,61.09,-27.9,528.455,320.0,320.0,320.0,,3,320.0,320.0,0.0
TR10130D12,61.098,-27.903,360.278,320.0,320.0,320.0,,3,320.0,320.0,0.0
TRI0101027001,61.73,-26.88,343.137,320.0,320.0,320.0,,3,320.0,320.0,0.0
VG2257,61.99,-26.59,270.822,320.0,320.0,320.0,,3,320.0,320.0,0.0
VG2258,61.99,-26.59,280.149,320.0,320.0,320.0,,3,320.0,320.0,0.0
VG2259,61.99,-26.59,258.763,320.0,320.0,320.0,,3,320.0,320.0,0.0
VG2256,61.99,-26.59,253.318,320.0,320.0,320.0,,3,320.0,320.0,0.0
TRI0101024006,62.08,-26.29,523.649,320.0,320.0,320.0,,3,320.0,320.0,0.0
TRI0101023001,62.35,-25.78,289.855,320.0,320.0,320.0,,3,320.0,320.0,0.0
TR10122D2,62.373,-25.845,364.519,320.0,320.0,320.0,,3,320.0,320.0,0.0
TRI0101001002,62.59,-25.45,263.975,320.0,320.0,320.0,,3,320.0,320.0,0.0
TRI0101002001,62.62,-25.43,274.181,320.0,320.0,320.0,,3,320.0,320.0,0.0
TRI0139016001,67.9,-18.41,330.882,340.0,140.0,340.0,,3,140.0,340.0,200.0
TRI0139025003,69.15,-16.22,427.778,140.0,140.0,140.0,320.0,4,140.0,320.0,180.0
TRI0139024001,69.73,-15.74,392.202,140.0,120.0,140.0,320.0,4,120.0,320.0,200.0
TRI0139023001,69.73,-15.59,355.899,140.0,120.0,140.0,320.0,4,120.0,320.0,200.0
VG962,70.17,-15.28,291.381,140.0,120.0,140.0,320.0,4,120.0,320.0,200.0
VG1666,70.17,-15.28,283.236,140.0,120.0,140.0,320.0,4,120.0,320.0,200.0
VG1676,70.57,-14.69,270.659,140.0,120.0,140.0,320.0,4,120.0,320.0,200.0
VG1678,70.57,-14.69,283.954,140.0,120.0,140.0,320.0,4,120.0,320.0,200.0
VG1677,70.573,-14.69,163.698,140.0,120.0,140.0,320.0,4,120.0,320.0,200.0
VG1672,71.28,-5.75,149.28,140.0,120.0,140.0,320.0,4,120.0,320.0,200.0
VG1674,71.28,-5.75,161.213,140.0,120.0,140.0,320.0,4,120.0,320.0,200.0
TRI0139027005,71.33,-12.64,286.485,140.0,120.0,140.0,320.0,4,120.0,320.0,200.0
TRI0139027006,71.33,-12.64,246.427,140.0,120.0,140.0,320.0,4,120.0,320.0,200.0
END0026007001,71.43,-4.79,334.509,140.0,120.0,140.0,320.0,4,120.0,320.0,200.0
END0026009001,71.64,-3.06,287.622,140.0,120.0,140.0,320.0,4,120.0,320.0,200.0
TRI0139030001A,71.82,-2.08,238.725,140.0,120.0,140.0,140.0,4,120.0,140.0,20.0
TRI0139030002A,71.82,-2.08,315.085,140.0,120.0,140.0,140.0,4,120.0,140.0,20.0
END0026010001,71.89,-1.39,364.198,140.0,120.0,140.0,140.0,4,120.0,140.0,20.0
END0026010003,71.89,-1.39,289.595,140.0,120.0,140.0,140.0,4,120.0,140.0,20.0
END0026011001,71.99,-0.65,333.851,140.0,120.0,140.0,140.0,4,120.0,140.0,20.0
TRI0139031002A,72.18,0.23,299.762,140.0,120.0,140.0,140.0,4,120.0,140.0,20.0
END0026012002,72.32,1.48,215.354,140.0,120.0,140.0,140.0,4,120.0,140.0,20.0
END0026012003,72.32,1.48,242.585,140.0,120.0,140.0,140.0,4,120.0,140.0,20.0
TRI0139032001,72.61,3.38,322.449,140.0,120.0,140.0,140.0,4,120.0,140.0,20.0
END0026014001,72.81,4.26,277.351,140.0,120.0,140.0,140.0,4,120.0,140.0,20.0
TRI0139033002,73.01,5.18,284.271,140.0,120.0,140.0,140.0,4,120.0,140.0,20.0
END0026015001,73.22,6.44,306.069,140.0,120.0,140.0,140.0,4,120.0,140.0,20.0
END0026016001,73.41,7.39,295.58,140.0,120.0,140.0,140.0,4,120.0,140.0,20.0
END0026016002,73.41,7.39,355.769,140.0,120.0,140.0,140.0,4,120.0,140.0,20.0
END0026032003,73.52,8.11,310.954,140.0,120.0,140.0,140.0,4,120.0,140.0,20.0
END0026031001,73.7433,8.3717,208.435,140.0,120.0,140.0,140.0,4,120.0,140.0,20.0
END0026030001,74.195,8.835,251.237,140.0,120.0,140.0,140.0,4,120.0,140.0,20.0
END0026029001,74.6533,8.5117,294.51,120.0,120.0,120.0,140.0,4,120.0,140.0,20.0
END0026019001,75.963,7.282,282.857,120.0,120.0,120.0,140.0,4,120.0,140.0,20.0
END0026021001,76.5567,7.1883,392.95,120.0,120.0,120.0,140.0,4,120.0,140.0,20.0
END0026022001,76.855,7.3717,286.292,120.0,120.0,120.0,140.0,4,120.0,140.0,20.0
END0026025002,77.5283,7.6717,291.188,120.0,120.0,120.0,120.0,4,120.0,120.0,0.0
L208607,12.82,-44.77,178.8,240.0,240.0,240.0,240.0,4,240.0,240.0,0.0
L209124,12.83,-44.98,177.6,240.0,240.0,240.0,240.0,4,240.0,240.0,0.0
L208975,12.89,-44.79,168.1,240.0,240.0,240.0,240.0,4,240.0,240.0,0.0
L2085215,12.91,-44.89,169.9,240.0,240.0,240.0,240.0,4,240.0,240.0,0.0
L208533,12.92,-44.9,179.7,240.0,240.0,240.0,240.0,4,240.0,240.0,0.0
L208712,12.93,-44.94,192.4,240.0,240.0,240.0,240.0,4,240.0,240.0,0.0
L2089219,12.95,-44.93,184.7,240.0,240.0,240.0,240.0,4,240.0,240.0,0.0
16ABP6527,15.03,-44.94,235.4,240.0,240.0,240.0,220.0,4,220.0,240.0,20.0
16ABP651AR2,15.03,-44.94,286.2,240.0,240.0,240.0,220.0,4,220.0,240.0,20.0
L207923,16.12,-46.62,130.9,240.0,220.0,240.0,220.0,4,220.0,240.0,20.0
L208051,16.12,-46.52,123.7,240.0,220.0,240.0,220.0,4,220.0,240.0,20.0
L207932,16.13,-46.62,211.8,240.0,220.0,240.0,220.0,4,220.0,240.0,20.0
L207963,16.14,-46.63,165.8,240.0,220.0,240.0,220.0,4,220.0,240.0,20.0
L208063,16.14,-46.58,184.9,240.0,220.0,240.0,220.0,4,220.0,240.0,20.0
L207941,16.15,-46.62,133.3,240.0,220.0,240.0,220.0,4,220.0,240.0,20.0
L208015,16.17,-46.53,174.3,240.0,220.0,240.0,220.0,4,220.0,240.0,20.0
19L6103,16.73,-46.62,231.7,240.0,220.0,240.0,220.0,4,220.0,240.0,20.0
L207754,16.84,-46.5,150.5,240.0,220.0,240.0,220.0,4,220.0,240.0,20.0
L207764,16.95,-46.54,185.7,240.0,220.0,240.0,220.0,4,220.0,240.0,20.0
L207449,17.15,-46.48,159.5,240.0,220.0,240.0,220.0,4,220.0,240.0,20.0
L207441,17.15,-46.48,175.7,240.0,220.0,240.0,220.0,4,220.0,240.0,20.0
L207439,17.18,-46.56,169.5,240.0,220.0,240.0,220.0,4,220.0,240.0,20.0
L2073313B,17.18,-46.52,173.5,240.0,220.0,240.0,220.0,4,220.0,240.0,20.0
L2073312,17.18,-46.52,180.9,240.0,220.0,240.0,220.0,4,220.0,240.0,20.0
L207413,17.2,-46.52,172.0,240.0,220.0,240.0,220.0,4,220.0,240.0,20.0
L207292,17.22,-46.55,158.8,240.0,220.0,240.0,220.0,4,220.0,240.0,20.0
L207246,17.26,-46.49,203.5,240.0,220.0,240.0,220.0,4,220.0,240.0,20.0
L207245,17.26,-46.49,208.8,240.0,220.0,240.0,220.0,4,220.0,240.0,20.0
L207382,17.26,-46.45,172.5,240.0,220.0,240.0,220.0,4,220.0,240.0,20.0
L207195,17.3,-46.53,174.8,240.0,220.0,240.0,220.0,4,220.0,240.0,20.0
L207376,17.38,-46.53,172.0,240.0,220.0,240.0,220.0,4,220.0,240.0,20.0
L2073615,17.38,-46.47,172.0,240.0,220.0,240.0,220.0,4,220.0,240.0,20.0
16ABP4577AR1,29.99,-42.65,282.1,220.0,220.0,220.0,220.0,4,220.0,220.0,0.0
16ABP4577AR2,29.99,-42.65,273.0,220.0,220.0,220.0,220.0,4,220.0,220.0,0.0
16ABP6AR1,30.4,-41.94,223.3,220.0,220.0,220.0,220.0,4,220.0,220.0,0.0
16ABP6AR2,30.4,-41.94,214.9,220.0,220.0,220.0,220.0,4,220.0,220.0,0.0
16ABP642AR1,30.4,-41.94,237.0,220.0,220.0,220.0,220.0,4,220.0,220.0,0.0
16ABP79AAR1,30.58,-41.88,259.3,220.0,220.0,220.0,220.0,4,220.0,220.0,0.0
16ABP79AAR2,30.58,-41.88,264.7,220.0,220.0,220.0,220.0,4,220.0,220.0,0.0
16ABP58AR2,31.1,-41.42,243.2,220.0,220.0,220.0,220.0,4,220.0,220.0,0.0
16ABP246,33.53,-38.99,264.6,220.0,320.0,220.0,220.0,4,220.0,320.0,100.0
VG5387,-54.37,5.26,307.388,,,,,0,,,
VG5383,-54.37,5.26,317.963,,,,,0,,,
VG5385,-54.37,5.26,339.319,,,,,0,,,
VG5382,-54.37,5.26,330.924,,,,,0,,,
VG5384,-54.37,5.26,167.381,,,,,0,,,
VG5380,-54.37,5.26,181.7,,,,,0,,,
VG5378,-54.34,5.31,305.337,,,,,0,,,
VG5359,-54.03,3.52,223.367,,,,,0,,,
AII01076057019,-54.03,7.26,327.629,,,,,0,,,
VG5389,-54.01,7.29,303.939,,,,,0,,,
VG5350,-53.99,3.56,183.56,,,,,0,,,
AG2292,-53.158,22.83,185.314,,,,,0,,,
VG12402,-52.749,11.711,179.205,,,,,0,,,
VG12404,-52.749,11.711,173.985,,,,,0,,,
P91,-52.58,26.335,163.892,,,,,0,,,
VG12427,-52.479,12.861,188.236,,,,,0,,,
VG12430,-52.479,12.861,168.517,,,,,0,,,
AG2211,-52.293,16.91,177.602,,,,,0,,,
MOA8801017033,-50.222,127.417,229.134,,,,,0,,,
MOA8801016012,-50.163,127.577,117.135,,,,,0,,,
MOA8801022033,-49.68,125.892,200.472,,,,,0,,,
DUF0171124001,-49.03,108.51,230.485,,,,,0,,,
DUF0171088001,-47.08,96.83,201.503,,,,,0,,,
AG5333,-46.03,34.07,200.767,,,,,0,,,
D25171,-44.815,35.847,229.473,,,,,0,,,
MD34D6,-44.18,38.795,248.47,,,,,0,,,
MD34D5,-43.893,40.653,383.81,,,,,0,,,
D2838,-43.377,39.852,223.808,,,,,0,,,
D288,-43.377,39.852,168.38,,,,,0,,,
P289,-43.377,39.852,122.651,,,,,0,,,
D3088,-42.687,41.985,171.456,,,,,0,,,
MELMBRG6033001,-42.12,88.04,168.037,,,,,0,,,
DUF0171069001,-41.87,88.92,213.855,,,,,0,,,
MELMBRG6039001,-41.24,81.15,201.429,,,,,0,,,
D371,-40.13,45.76,301.527,,,,,0,,,
P372,-40.13,45.76,331.709,,,,,0,,,
D4173,-38.66,46.63,237.899,,,,,0,,,
P421,-38.432,46.713,131.392,,,,,0,,,
MELMBRG6063001,-38.2,78.37,146.074,,,,,0,,,
DUF0034003,-37.71,49.882,249.252,,,,,0,,,
DUF0107073,-37.69,49.85,573.34,,,,,0,,,
SWIRDR23,-37.69,50.52,283.505,,,,,0,,,
MELBMRG6R049,-35.64,78.46,246.976,,,,,0,,,
CHRHYAM005001,-34.96,78.54,178.052,,,,,0,,,
CHRHYAM004043,-34.91,78.67,178.052,,,,,0,,,
DUF0107049,-31.73,57.74,486.31,,,,,0,,,
DUF010701100101,-27.63,65.53,228.8,,,,,0,,,
VG6879,-27.6,65.84,200.977,,,,,0,,,
VG6878,-27.6,65.84,253.199,,,,,0,,,
DUF010700100107,-26.09,68.73,233.095,,,,,0,,,
HAK9303003A1,-25.235,69.9118,251.408,,,,,0,,,
DUF0057004004,-20.27,67.67,236.946,,,,,0,,,
D101,-20.16,66.32,226.287,,,,,0,,,
D102,-20.16,66.32,236.127,,,,,0,,,
VG756,-20.15,67.62,224.192,,,,,0,,,
VG758,-20.15,67.62,229.902,,,,,0,,,
VG759,-20.15,67.62,235.623,,,,,0,,,
VG755,-20.15,67.62,296.449,,,,,0,,,
VM0029001002,-20.15,67.62,149.765,,,,,0,,,
D122,-20.07,66.27,424.889,,,,,0,,,
D123,-20.07,66.27,261.942,,,,,0,,,
D144,-19.91,66.17,238.118,,,,,0,,,
VG6824,-19.83,66.05,227.828,,,,,0,,,
VG6829,-19.83,66.05,252.764,,,,,0,,,
D182,-19.72,65.86,205.659,,,,,0,,,
D202,-19.7,65.49,222.237,,,,,0,,,
D192,-19.69,65.82,224.679,,,,,0,,,
DR031VC,-19.69,65.96,451.293,,,,,0,,,
DR081,-19.66,65.54,843.768,,,,,0,,,
DR091,-19.65,65.68,287.543,,,,,0,,,
D171,-19.61,65.88,245.816,,,,,0,,,
DR011,-19.55,65.94,241.808,,,,,0,,,
DR023,-19.55,65.99,221.631,,,,,0,,,
PL202,-19.49,65.85,282.932,,,,,0,,,
RC1,-19.09,65.55,265.022,,,,,0,,,
RC4,-18.96,65.53,319.674,,,,,0,,,
RC13,-18.94,65.54,359.097,,,,,0,,,
RC12,-18.92,65.54,270.62,,,,,0,,,
RC10,-18.91,65.51,286.91,,,,,0,,,
RC5,-18.65,65.44,343.511,,,,,0,,,
RC7,-18.63,65.48,305.343,,,,,0,,,
RC21,-18.37,65.32,330.273,,,,,0,,,
RC20,-18.35,65.3,165.385,,,,,0,,,
D61,-18.22,65.41,259.39,,,,,0,,,
D91,-18.13,65.21,305.046,,,,,0,,,
D82,-18.05,65.14,314.314,,,,,0,,,
D83,-18.05,65.14,167.455,,,,,0,,,
D33,-16.96,66.88,250.049,,,,,0,,,
D11,-16.7,66.65,353.712,,,,,0,,,
VG3098,-5.35,68.7,296.802,80.0,80.0,80.0,80.0,4,80.0,80.0,0.0
DUF0057013007,-1.48,67.65,177.29,80.0,60.0,80.0,80.0,4,60.0,80.0,20.0
VG5259,9.83,57.96,242.647,40.0,40.0,40.0,60.0,4,40.0,60.0,20.0
VEM00337064003,13.337,50.692,278.083,80.0,40.0,80.0,80.0,4,40.0,80.0,40.0
VEM00337066001,14.392,52.683,240.053,100.0,40.0,100.0,80.0,4,40.0,100.0,60.0
VEM00336024001,14.75,54.8,319.129,40.0,40.0,40.0,100.0,4,40.0,100.0,60.0
PS91980059004,17.98,40.07,419.506,80.0,80.0,80.0,80.0,4,80.0,80.0,0.0
DSDP023B0226002001D,21.3418,38.0822,431.833,80.0,80.0,80.0,80.0,4,80.0,80.0,0.0
CV01G,-65.1,-173.75,223.004,80.0,100.0,80.0,80.0,4,80.0,100.0,20.0
CV03G,-64.533,-171.875,197.143,80.0,100.0,80.0,80.0,4,80.0,100.0,20.0
CV04G,-64.399,-169.4,186.116,80.0,80.0,80.0,60.0,4,60.0,80.0,20.0
CV06,-63.45,-166.06,163.954,80.0,80.0,80.0,60.0,4,60.0,80.0,20.0
DR03G,-62.32,-156.08,192.441,320.0,80.0,320.0,,3,80.0,320.0,240.0
DR05G,-62.0,-154.538,186.061,320.0,80.0,320.0,,3,80.0,320.0,240.0
DR6,-60.94,-153.21,170.255,340.0,80.0,320.0,,3,80.0,340.0,260.0
DR71,-60.0,-152.08,185.616,340.0,80.0,340.0,,3,80.0,340.0,260.0
DR72,-60.0,-152.08,206.97,340.0,80.0,340.0,,3,80.0,340.0,260.0
DR09G,-58.85,-149.14,186.26,340.0,80.0,340.0,,3,80.0,340.0,260.0
DR101,-57.892,-148.498,173.743,340.0,320.0,340.0,,3,320.0,340.0,20.0
DR102,-57.89,-148.5,189.915,340.0,320.0,340.0,,3,320.0,340.0,20.0
DR111,-57.63,-146.8,166.234,340.0,320.0,340.0,,3,320.0,340.0,20.0
DR121,-57.18,-146.29,117.2,340.0,320.0,340.0,,3,320.0,340.0,20.0
DR13G,-56.57,-145.743,211.712,340.0,320.0,340.0,,3,320.0,340.0,20.0
DR131G,-56.57,-145.743,195.0,340.0,320.0,340.0,,3,320.0,340.0,20.0
DR132,-56.57,-145.74,196.875,340.0,320.0,340.0,,3,320.0,340.0,20.0
DR021G,-52.13,-118.13,198.892,,320.0,,,1,320.0,320.0,0.0
DR033G,-51.79,-117.96,166.667,,320.0,,,1,320.0,320.0,0.0
DR042G,-51.43,-117.78,233.137,,320.0,,,1,320.0,320.0,0.0
DR52,-50.98,-117.4,249.337,,320.0,,,1,320.0,320.0,0.0
DR66,-50.7,-117.2,227.099,,320.0,,,1,320.0,320.0,0.0
DR72,-50.24,-117.1,187.5,,320.0,,,1,320.0,320.0,0.0
DR082G,-49.99,-116.97,167.949,,320.0,,,1,320.0,320.0,0.0
DR201G,-49.73,-113.78,155.932,,320.0,,,1,320.0,320.0,0.0
DR221G,-48.73,-113.37,207.789,,320.0,,,1,320.0,320.0,0.0
DR282,-47.51,-113.3,247.099,,320.0,,,1,320.0,320.0,0.0
DR291G,-47.01,-113.09,214.046,,320.0,,,1,320.0,320.0,0.0
DR301,-46.4,-112.9,193.023,,320.0,,,1,320.0,320.0,0.0
DR3103,-45.85,-112.69,230.928,,,,,0,,,
DR321,-45.39,-112.4,164.43,,,,,0,,,
DR331,-44.87,-112.3,166.049,,,,,0,,,
DR351AG,-43.59,-111.8,185.739,,,,,0,,,
DR361G,-42.95,-111.56,164.198,,,,,0,,,
DR381,-41.8,-113.3,227.448,,,,,0,,,
SON0100102001,-37.7766,-110.905,171.569,,,,,0,,,
SON0100106001,-36.9067,-110.632,248.485,,,,,0,,,
END0112004001,-33.45,-112.5,251.678,,,,,0,,,
END0112007002,-32.12,-112.27,180.158,,,,,0,,,
END0112007004,-32.117,-112.267,144.531,,,,,0,,,
VG952,-30.99,-109.31,151.111,,,,,0,,,
SONGMP5264,-29.7725,-111.727,142.245,,,,,0,,,
END0113048001,-29.02,-112.7,241.667,,,,,0,,,
END0113047002,-29.01,-112.79,201.824,,,,,0,,,
G258,-28.7603,-112.987,160.741,,,,,0,,,
END0113046002,-28.72,-112.73,126.316,,,,,0,,,
G243,-27.768,-113.273,248.195,,,,,0,,,
GIL7202076004,-27.67,-112.95,127.854,,,,,0,,,
END0113044005,-27.64,-112.84,202.466,,,,,0,,,
END0113043002,-27.3,-112.81,163.006,,,,,0,,,
END0113043001,-27.3,-112.81,197.368,,,,,0,,,
END0113005010,-27.21,-112.77,192.778,,,,,0,,,
END0113005001,-27.21,-112.77,170.789,,,,,0,,,
END0113042001,-26.92,-112.7,154.705,,,,,0,,,
END0113006001,-26.81,-112.64,140.244,,,,,0,,,
END0113041001,-26.58,-112.65,214.42,,,,,0,,,
END0113007001,-26.46,-112.57,205.676,,,,,0,,,
END0113008013,-25.98,-112.55,210.814,,,,,0,,,
END0113008001,-25.98,-112.55,196.945,,,,,0,,,
END0113024001,-25.9,-115.86,199.543,,,,,0,,,
END0113009001,-25.66,-112.38,172.503,,,,,0,,,
END0113010001,-25.47,-112.39,200.11,,,,,0,,,
END0113026001,-25.28,-116.27,176.471,,,,,0,,,
END0113027001,-24.99,-116.36,210.526,,,,,0,,,
END0113013004,-24.86,-112.45,207.797,,,,,0,,,
END0113014010,-24.78,-111.97,170.94,,,,,0,,,
END0113028001,-24.64,-116.42,180.995,,,,,0,,,
END0113015001,-24.53,-111.79,148.649,,,,,0,,,
END0113039002,-24.36,-111.98,149.254,,,,,0,,,
END0113030001,-24.11,-115.41,240.829,,,,,0,,,
END0113031001,-23.77,-115.47,169.014,,,,,0,,,
END0113032002,-23.48,-115.38,149.474,,,,,0,,,
SONGMP4128,-22.9892,-114.513,162.349,,,,,0,,,
END0113036SG,-22.68,-114.51,227.273,,,,,0,,,
END0113035001,-22.53,-114.47,171.92,,,,,0,,,
SONGMP4136,-22.2558,-114.454,192.308,,,,,0,,,
CHRSR02R003,-21.63,-114.0,190.25,,,,,0,,,
CHRSR02004,-21.561,-114.303,172.727,,,,,0,,,
CHRSR02003,-21.4077,-114.278,172.727,,,,,0,,,
NADNAUD0110021,-18.55,-113.42,227.544,,,,,0,,,
SONGMP5296,-17.1308,-113.133,191.667,,,,,0,,,
SONGMP5312,-16.7085,-113.068,172.864,,,,,0,,,
G319,-16.4398,-113.05,194.063,,,,,0,,,
SONGMP5319,-16.4398,-113.05,182.796,,,,,0,,,
G324,-15.7732,-112.948,185.036,,,,,0,,,
SONGMP5338,-14.4475,-112.599,183.333,,,,,0,,,
VG882,-14.08,-110.82,197.646,,,,,0,,,
SONGMP5341,-13.9908,-112.479,212.039,,,,,0,,,
SONGMP5346,-13.9848,-112.483,208.333,,,,,0,,,
SON0012087A,-13.3102,-111.135,196.798,,,,,0,,,
B371,-11.874,-110.723,204.636,,,,,0,,,
SONGMP5371,-11.874,-110.723,198.654,,,,,0,,,
SONGMP5386,-10.5602,-110.277,209.062,,,,,0,,,
SON0026147K113G,-9.54,-110.25,208.762,,,,,0,,,
G407,-7.3952,-107.791,345.455,,,,,0,,,
SONGMP5407,-7.3952,-107.791,261.011,,,,,0,,,
B412,-7.3948,-107.79,198.962,,,,,0,,,
SONGMP5412,-7.3948,-107.79,178.947,,,,,0,,,
G409,-6.6038,-107.516,192.773,,,,,0,,,
VG789,-6.25,-107.23,184.469,,,,,0,,,
VG788,-6.25,-107.23,140.909,,,,,0,,,
D33A,-4.6965,-104.802,185.177,,,,,0,,,
D42A2,-4.6605,-105.423,256.475,,,,,0,,,
D42A,-4.6605,-105.423,246.347,,,,,0,,,
D32AA,-4.6515,-104.784,178.365,,,,,0,,,
D32AC,-4.6515,-104.784,191.159,,,,,0,,,
D38A,-4.647,-106.342,269.81,,,,,0,,,
D45B,-4.626,-105.342,319.243,,,,,0,,,
D45A,-4.626,-105.342,293.619,,,,,0,,,
D43A,-4.605,-105.414,342.009,,,,,0,,,
D31UN,-4.596,-104.685,287.513,,,,,0,,,
D37A,-4.5795,-105.144,198.535,,,,,0,,,
D44A,-4.5705,-105.405,227.908,,,,,0,,,
D47UN,-4.569,-105.153,168.479,,,,,0,,,
D47A,-4.569,-105.153,197.589,,,,,0,,,
D34UN,-4.566,-104.946,328.114,,,,,0,,,
D34A,-4.566,-104.946,252.101,,,,,0,,,
D41A,-4.5615,-106.036,304.462,,,,,0,,,
D36C,-4.554,-105.117,336.215,,,,,0,,,
D39A,-4.545,-106.306,217.91,,,,,0,,,
D35UN,-4.5345,-105.081,231.638,,,,,0,,,
D35C,-4.5345,-105.081,275.034,,,,,0,,,
D35A,-4.5345,-105.081,219.992,,,,,0,,,
D30A,-4.527,-104.631,286.332,,,,,0,,,
D40A,-4.518,-106.18,239.271,,,,,0,,,
D46A,-4.499,-105.234,236.019,,,,,0,,,
D44B,-4.4985,-105.234,243.188,,,,,0,,,
D29A,-4.347,-104.595,183.093,,,,,0,,,
D24D,-4.005,-104.162,215.977,,,,,0,,,
D24A,-4.005,-104.162,222.667,,,,,0,,,
D24B,-4.005,-104.162,241.808,,,,,0,,,
D25A,-3.9945,-104.288,210.196,,,,,0,,,
D26A,-3.993,-104.432,208.434,,,,,0,,,
D22A,-3.993,-103.901,241.323,,,,,0,,,
D23A,-3.9765,-104.135,190.225,,,,,0,,,
D21B,-3.867,-103.847,279.237,,,,,0,,,
D21A,-3.867,-103.847,208.162,,,,,0,,,
SON0012232A1,-3.7742,-102.737,338.319,,,,,0,,,
SON0012232A2,-3.7742,-102.737,301.262,,,,,0,,,
D20B,-3.7695,-103.82,260.437,,,,,0,,,
D20D,-3.7695,-103.82,287.755,,,,,0,,,
D3A,-3.7695,-102.685,264.992,,,,,0,,,
D4A,-3.7605,-102.748,289.359,,,,,0,,,
D19A,-3.759,-103.847,261.323,,,,,0,,,
D5A,-3.759,-102.847,195.406,,,,,0,,,
D14A,-3.747,-103.513,405.629,,,,,0,,,
D14UN,-3.747,-103.513,380.497,,,,,0,,,
D7AA,-3.7425,-102.937,250.421,,,,,0,,,
D7AC,-3.7425,-102.937,336.394,,,,,0,,,
D7AB,-3.7425,-102.937,213.037,,,,,0,,,
D8B,-3.735,-102.964,227.852,,,,,0,,,
D16A,-3.7335,-103.667,242.49,,,,,0,,,
D15AA,-3.726,-103.586,253.533,,,,,0,,,
D15ABC,-3.726,-103.586,196.799,,,,,0,,,
D15AD,-3.726,-103.586,321.756,,,,,0,,,
D10B,-3.7245,-103.216,200.849,,,,,0,,,
D10A,-3.7245,-103.216,180.501,,,,,0,,,
D9A,-3.7245,-103.045,202.077,,,,,0,,,
D13A,-3.72,-103.405,203.808,,,,,0,,,
D12B,-3.7155,-103.315,383.739,,,,,0,,,
D12A,-3.7155,-103.315,196.62,,,,,0,,,
D12UN,-3.7155,-103.315,190.721,,,,,0,,,
D11UN,-3.714,-103.252,308.714,,,,,0,,,
D11A,-3.714,-103.252,178.676,,,,,0,,,
D17A,-3.7065,-103.802,309.704,,,,,0,,,
D18AEAB,-3.678,-103.784,258.18,,,,,0,,,
D18ACD,-3.678,-103.784,294.013,,,,,0,,,
D2A,-3.636,-102.631,255.404,,,,,0,,,
D1A,-3.546,-102.613,232.829,,,,,0,,,
ALV0994005B,0.68,-85.47,463.579,60.0,20.0,60.0,,3,20.0,60.0,40.0
SON0158019,0.75,-88.33,172.924,,20.0,,,1,20.0,20.0,0.0
ALV1649003,0.75,-85.843,242.472,60.0,20.0,60.0,,3,20.0,60.0,40.0
ALV1650002,0.753,-85.847,164.661,60.0,20.0,60.0,,3,20.0,60.0,40.0
MELCCTW009001,0.778,-89.228,507.418,,40.0,,,1,40.0,40.0,0.0
VG2112,0.82,-86.13,253.602,60.0,20.0,60.0,,3,20.0,60.0,40.0
VG2114,0.82,-86.13,244.725,60.0,20.0,60.0,,3,20.0,60.0,40.0
VG4750,1.38,-93.72,195.536,,,,,0,,,
VG4521,1.64,-94.95,319.385,,,,,0,,,
EWI0004006003,1.903,-91.183,213.675,,40.0,,,1,40.0,40.0,0.0
EWI0004007004,1.922,-91.275,259.686,,40.0,,,1,40.0,40.0,0.0
EWI00040090011,1.934,-91.322,211.64,,40.0,,,1,40.0,40.0,0.0
EWI0004012005,1.986,-91.486,194.286,,40.0,,,1,40.0,40.0,0.0
EWI0004015001,2.047,-91.607,195.135,,40.0,,,1,40.0,40.0,0.0
EWI0004016002,2.061,-91.746,199.246,,40.0,,,1,40.0,40.0,0.0
EWI0004017004,2.071,-91.803,204.027,,40.0,,,1,40.0,40.0,0.0
SON0012215A,2.0885,-100.568,208.054,,,,,0,,,
EWI0004079001,2.098,-96.723,218.845,,,,,0,,,
EWI0004019001,2.111,-91.957,231.452,,40.0,,,1,40.0,40.0,0.0
EWI0004020001,2.117,-92.012,235.345,,40.0,,,1,40.0,40.0,0.0
EWI0004020001B,2.117,-92.012,223.358,,40.0,,,1,40.0,40.0,0.0
EWI0004084004,2.137,-96.875,267.112,,,,,0,,,
EWI0004088001,2.142,-97.192,181.667,,,,,0,,,
EWI0004025001,2.145,-92.322,218.317,,40.0,,,1,40.0,40.0,0.0
VG1472,2.2,-101.42,190.082,,,,,0,,,
VG1473,2.2,-101.42,195.344,,,,,0,,,
VG1476,2.2,-101.42,208.181,,,,,0,,,
VG1477,2.2,-101.42,202.366,,,,,0,,,
EWI0004029001,2.204,-92.618,212.778,,,,,0,,,
EWI0004031,2.244,-92.822,215.789,,,,,0,,,
CHRSR01005102,2.28,-102.78,225.174,,,,,0,,,
EWI0004077001,2.281,-96.191,265.06,,,,,0,,,
EWI0004033001,2.281,-92.973,221.324,,,,,0,,,
EWI0004075001,2.295,-95.6,182.691,,,,,0,,,
EWI0004041001,2.313,-93.093,220.492,,,,,0,,,
VG4560,2.33,-95.3,238.143,,,,,0,,,
VG4563,2.33,-95.3,203.106,,,,,0,,,
EWI0004038002,2.354,-93.268,211.991,,,,,0,,,
EWI0004043001,2.412,-93.256,219.259,,,,,0,,,
SON0022010,2.4158,-95.514,236.493,,,,,0,,,
EWI0004071001,2.422,-95.602,241.349,,,,,0,,,
VG4973,2.43,-95.55,273.041,,,,,0,,,
VG4975,2.43,-95.55,317.908,,,,,0,,,
VG4945,2.43,-95.55,307.647,,,,,0,,,
VG4974,2.43,-95.55,282.236,,,,,0,,,
VG4971,2.43,-95.55,263.823,,,,,0,,,
VG4970,2.43,-95.55,249.186,,,,,0,,,
VG1307,2.44,-95.62,212.019,,,,,0,,,
VG1308,2.44,-95.62,276.185,,,,,0,,,
EWI0004045002,2.443,-93.352,175.263,,,,,0,,,
VG1311,2.45,-95.62,212.019,,,,,0,,,
SON0026082K63G,2.482,-93.658,190.566,,,,,0,,,
EWI0004048004,2.488,-93.655,223.464,,,,,0,,,
EWI0004050001,2.502,-93.777,210.563,,,,,0,,,
EWI0004058002,2.527,-94.348,215.385,,,,,0,,,
EWI0004056002,2.553,-94.238,200.0,,,,,0,,,
TRI0164016003,2.56,-94.45,215.385,,,,,0,,,
SON0026076K60G,2.568,-94.577,224.752,,,,,0,,,
SON0022031,2.589,-95.05,275.0,,,,,0,,,
EWI0004063002,2.592,-94.745,239.688,,,,,0,,,
VG4550,2.6,-95.43,297.188,,,,,0,,,
VG1718,2.6,-95.33,229.397,,,,,0,,,
VG4524,2.6,-95.28,228.69,,,,,0,,,
VG4529,2.6,-95.28,312.87,,,,,0,,,
KAK1979018021,2.6042,-95.4337,227.616,,,,,0,,,
SON0012143A,2.6175,-95.2763,226.913,,,,,0,,,
ALV1549005,2.63,-95.38,228.448,,,,,0,,,
ALV1557001,2.633,-95.475,212.295,,,,,0,,,
KAK1979011078,2.639,-95.4972,219.847,,,,,0,,,
VG4629,2.64,-95.5,205.725,,,,,0,,,
VG4700,2.64,-95.5,229.448,,,,,0,,,
VG4709,2.64,-95.5,195.187,,,,,0,,,
VG4781,2.65,-95.49,246.358,,,,,0,,,
VG4782,2.65,-95.49,208.485,,,,,0,,,
VG4787,2.65,-95.49,203.123,,,,,0,,,
VG4795,2.66,-95.49,380.096,,,,,0,,,
VG4520,2.74,-95.24,209.202,,,,,0,,,
VG4517,2.75,-95.24,207.332,,,,,0,,,
VG4628,3.16,-87.22,175.856,20.0,20.0,20.0,20.0,4,20.0,20.0,0.0
VG4624,3.16,-87.22,170.068,20.0,20.0,20.0,20.0,4,20.0,20.0,0.0
VG4626,3.16,-87.22,194.888,20.0,20.0,20.0,20.0,4,20.0,20.0,0.0
VG4621,3.16,-87.22,378.835,20.0,20.0,20.0,20.0,4,20.0,20.0,0.0
VG4622,3.16,-87.22,368.499,20.0,20.0,20.0,20.0,4,20.0,20.0,0.0
VG4623,3.16,-87.22,360.131,20.0,20.0,20.0,20.0,4,20.0,20.0,0.0
VG4625,3.16,-87.22,276.384,20.0,20.0,20.0,20.0,4,20.0,20.0,0.0
VG4627,3.16,-87.22,224.57,20.0,20.0,20.0,20.0,4,20.0,20.0,0.0
VG885,3.2,-83.34,264.62,0.0,0.0,0.0,0.0,4,0.0,0.0,0.0
VG887,3.2,-83.34,240.894,0.0,0.0,0.0,0.0,4,0.0,0.0,0.0
VG889,3.2,-83.34,247.636,0.0,0.0,0.0,0.0,4,0.0,0.0,0.0
VG890,3.2,-83.34,278.168,0.0,0.0,0.0,0.0,4,0.0,0.0,0.0
VG891,3.2,-83.34,301.95,0.0,0.0,0.0,0.0,4,0.0,0.0,0.0
VG2110,3.2,-83.04,218.405,0.0,0.0,0.0,0.0,4,0.0,0.0,0.0
VG2111,3.2,-83.04,263.823,0.0,0.0,0.0,0.0,4,0.0,0.0,0.0
VG4510,3.32,-94.84,251.093,,,,,0,,,
VG4514,3.32,-94.84,240.847,,,,,0,,,
VG4755,3.35,-93.64,239.902,,40.0,,,1,40.0,40.0,0.0
VG4754,3.35,-93.64,232.703,,40.0,,,1,40.0,40.0,0.0
VG4751,3.52,-93.79,178.366,,40.0,,,1,40.0,40.0,0.0
CH559,6.225,-102.525,252.565,,,,,0,,,
CH561,6.442,-102.575,214.411,,,,,0,,,
CHRSR01004,6.733,-102.6,216.129,,,,,0,,,
CH571,6.802,-102.648,201.694,,,,,0,,,
CH592,7.995,-102.843,207.036,,,,,0,,,
CH601,8.204,-102.858,177.256,,,,,0,,,
CH603,8.204,-102.858,171.497,,,,,0,,,
CH604,8.204,-102.858,204.893,,,,,0,,,
ALV2390005,8.293,-104.023,206.972,,,,,0,,,
AII1991020001,8.3477,-103.649,161.905,,,,,0,,,
AII1991020005,8.3477,-103.649,206.286,,,,,0,,,
AII1991020020,8.3477,-103.649,176.895,,,,,0,,,
CH613,8.36,-102.893,202.719,,,,,0,,,
VG4257,8.37,-104.02,190.468,,,,,0,,,
VG4256,8.37,-104.02,173.353,,,,,0,,,
VG4255,8.37,-104.02,221.72,,,,,0,,,
ALV2752006,8.3702,-103.665,180.838,,,,,0,,,
ALV2384003,8.3708,-102.996,190.071,,,,,0,,,
ALV2384002,8.3748,-103.659,180.0,,,,,0,,,
ALV2384001,8.3758,-103.658,195.187,,,,,0,,,
ALV2384009,8.3772,-103.674,223.214,,,,,0,,,
VG4253,8.38,-103.68,188.597,,,,,0,,,
VG4258,8.38,-103.68,172.548,,,,,0,,,
VG5211,8.38,-103.68,180.822,,,,,0,,,
VG7330,8.4,-103.94,189.394,,,,,0,,,
VG7331,8.4,-103.94,200.23,,,,,0,,,
CH663,8.41,-104.177,157.561,,,,,0,,,
CH634,8.446,-104.185,176.876,,,,,0,,,
CH711,8.513,-104.198,179.0,,,,,0,,,
CH723,8.613,-104.213,231.871,,,,,0,,,
CH732,8.642,-104.203,148.675,,,,,0,,,
CH741,8.737,-104.218,177.596,,,,,0,,,
CH751,8.837,-104.228,181.528,,,,,0,,,
CH753,8.837,-104.228,175.536,,,,,0,,,
CH772,8.925,-104.268,179.9,,,,,0,,,
CH7611,8.942,-104.251,183.519,,,,,0,,,
CH766,8.942,-104.251,199.469,,,,,0,,,
CH781,8.977,-104.267,163.636,,,,,0,,,
CH786,8.977,-104.267,221.205,,,,,0,,,
VG3228,9.03,-106.76,168.204,,,,,0,,,
VG3225,9.05,-105.44,193.219,,,,,0,,,
VG3226,9.05,-105.44,180.624,,,,,0,,,
CH793,9.05,-104.267,214.218,,,,,0,,,
CH801,9.105,-104.258,169.367,,,,,0,,,
CH821,9.115,-104.198,188.515,,,,,0,,,
CH8311,9.258,-104.221,189.672,,,,,0,,,
ALV2365003,9.27986,-104.218,183.471,,,,,0,,,
AII012524R027,9.50015,-104.242,190.112,,,,,0,,,
AII012524R022,9.50815,-104.243,184.874,,,,,0,,,
ODP01420864A001M005000100,9.5142,-104.244,223.325,,,,,0,,,
ALV2358003,9.51457,-104.244,216.346,,,,,0,,,
ALV2358004,9.51458,-104.244,227.848,,,,,0,,,
AII012524R038,9.51962,-104.233,180.258,,,,,0,,,
ALV2490010,9.5289,-104.263,175.824,,,,,0,,,
ALV2489002,9.5292,-104.227,208.531,,,,,0,,,
AII012524R048D,9.53002,-104.224,172.727,,,,,0,,,
AII012524R045,9.53012,-104.24,169.565,,,,,0,,,
AII012524R046,9.53118,-104.234,172.727,,,,,0,,,
AII012524R061,9.75352,-104.275,161.017,,,,,0,,,
ALV4205003,9.771,-104.28,151.261,,,,,0,,,
ALV2759014,9.82002,-104.31,137.725,,,,,0,,,
ALV2771001,9.83366,-104.311,194.085,,,,,0,,,
ALV2497001B,9.8877,-104.297,201.923,,,,,0,,,
ALV2359004,9.8879,-104.298,161.435,,,,,0,,,
CH991,10.163,-104.347,185.146,,,,,0,,,
CH1003,10.167,-104.342,185.219,,,,,0,,,
CH1013,10.21,-104.347,181.756,,,,,0,,,
CH513,10.287,-103.587,183.168,,,,,0,,,
MELPROT9048018,10.35,-103.583,232.548,,,,,0,,,
CH452,10.486,-103.613,248.532,,,,,0,,,
MELPROT9051002,10.6,-103.628,266.298,,,,,0,,,
MELPROT9053,10.648,-103.642,225.553,,,,,0,,,
CH421,10.748,-103.652,217.179,,,,,0,,,
SON0026148K114G,10.75,-110.325,202.606,,,,,0,,,
SON0026148K115G,10.75,-110.325,219.02,,,,,0,,,
CH411,10.908,-103.678,196.667,,,,,0,,,
CH418,10.908,-103.678,190.0,,,,,0,,,
MELPROT9057004,10.927,-103.687,289.42,,,,,0,,,
MELPROT9209002,10.977,-103.7,295.363,,,,,0,,,
ALV1990005,11.13,-103.74,341.333,,,,,0,,,
ALV1992002,11.46,-103.81,245.848,,,,,0,,,
ALV1995010,11.5,-103.81,192.251,,,,,0,,,
MELPROT9067001,11.582,-103.832,193.605,,,,,0,,,
CH361,11.654,-103.84,219.051,,,,,0,,,
CH364,11.654,-103.84,407.954,,,,,0,,,
ALV2002009,11.71,-103.79,248.098,,,,,0,,,
ALV1998009,11.73,-103.86,201.33,,,,,0,,,
ALV2004002,11.77,-103.79,285.027,,,,,0,,,
CH314,12.0,-103.808,205.56,,,,,0,,,
CH1152,12.058,-103.821,180.228,,,,,0,,,
WASVNTR024A,12.0783,-103.721,192.693,,,,,0,,,
WASVNTR006,12.08,-103.848,199.734,,,,,0,,,
CH301,12.096,-103.825,183.206,,,,,0,,,
WASVNTR029C,12.1045,-103.769,258.533,,,,,0,,,
WASVNTR029B,12.1045,-103.769,179.104,,,,,0,,,
WASVNTR026,12.1242,-103.76,274.194,,,,,0,,,
CH292,12.175,-103.825,198.413,,,,,0,,,
CH297,12.175,-103.825,167.272,,,,,0,,,
CH1162,12.2,-103.842,192.158,,,,,0,,,
NHOCHEP116003,12.2,-103.842,216.027,,,,,0,,,
NHOCHEP116002,12.2,-103.842,226.671,,,,,0,,,
WASVNTR011006,12.2292,-103.852,173.858,,,,,0,,,
CH1193,12.371,-103.878,203.972,,,,,0,,,
CH261,12.488,-103.905,175.126,,,,,0,,,
NHOCHEP121002,12.533,-103.913,189.456,,,,,0,,,
NHOCHEP024007,12.673,-103.913,232.185,,,,,0,,,
CH241,12.673,-103.91,206.159,,,,,0,,,
CH247,12.673,-103.91,192.015,,,,,0,,,
CYA1982009003,12.715,-103.913,216.897,,,,,0,,,
CYA1982027001,12.717,-103.922,199.838,,,,,0,,,
SON0022045,12.73,-104.0,206.751,,,,,0,,,
SON0022043,12.74,-104.0,193.548,,,,,0,,,
CYA1982031001,12.78,-103.933,195.133,,,,,0,,,
CH203,12.81,-103.878,186.813,,,,,0,,,
SON0022053,12.82,-103.9,211.342,,,,,0,,,
CHRCLIP004,12.83,-103.93,174.029,,,,,0,,,
SON0022052,12.85,-103.9,97.9514,,,,,0,,,
VG11182,12.858,-103.96,184.932,,,,,0,,,
SON0022051,12.86,-103.9,203.577,,,,,0,,,
CH184,12.887,-103.97,188.762,,,,,0,,,
CH147,12.913,-103.987,215.481,,,,,0,,,
CH93,13.358,-104.078,196.611,,,,,0,,,
CH81,13.442,-104.133,214.95,,,,,0,,,
CH71,13.583,-104.133,206.521,,,,,0,,,
CH72,13.583,-104.133,265.2,,,,,0,,,
NHOCHEP006001,13.645,-104.171,220.115,,,,,0,,,
CH61,13.645,-104.17,240.703,,,,,0,,,
VG11141,13.65,-104.17,184.833,,,,,0,,,
SON0022041,13.69,-104.2,243.579,,,,,0,,,
CH54,13.753,-104.156,223.385,,,,,0,,,
VG4451,13.83,-104.18,246.714,,,,,0,,,
CH41,13.857,-104.18,259.538,,,,,0,,,
CH33,13.967,-104.195,262.673,,,,,0,,,
CH22,14.142,-104.215,161.085,,,,,0,,,
CH16,14.277,-104.263,220.79,,,,,0,,,
VG9483,14.59,-104.33,190.718,0.0,,,,1,0.0,0.0,0.0
VG9485,14.7,-104.33,246.595,0.0,,,,1,0.0,0.0,0.0
RC66,15.37,-105.32,221.73,0.0,0.0,0.0,0.0,4,0.0,0.0,0.0
D291,15.5908,-105.403,207.472,0.0,0.0,0.0,0.0,4,0.0,0.0,0.0
RC69,15.6,-105.41,212.992,0.0,0.0,0.0,0.0,4,0.0,0.0,0.0
D22A,15.71,-105.43,179.813,0.0,0.0,0.0,0.0,4,0.0,0.0,0.0
D224,15.7146,-105.429,174.639,0.0,0.0,0.0,0.0,4,0.0,0.0,0.0
CHRSR01002,15.817,-105.4,346.717,0.0,0.0,0.0,0.0,4,0.0,0.0,0.0
D201,15.85,-105.44,121.13,0.0,0.0,0.0,0.0,4,0.0,0.0,0.0
D691,15.91,-105.45,162.429,0.0,0.0,0.0,0.0,4,0.0,0.0,0.0
RC100,16.02,-105.46,146.634,0.0,0.0,0.0,0.0,4,0.0,0.0,0.0
D701,16.02,-105.44,160.265,0.0,0.0,0.0,0.0,4,0.0,0.0,0.0
RC95,16.02,-105.42,153.129,0.0,0.0,0.0,0.0,4,0.0,0.0,0.0
D181,16.28,-105.32,180.955,0.0,0.0,0.0,0.0,4,0.0,0.0,0.0
RC28,16.42,-105.31,194.864,0.0,0.0,0.0,0.0,4,0.0,0.0,0.0
RC25,16.63,-105.34,203.898,0.0,0.0,0.0,0.0,4,0.0,0.0,0.0
RC23,16.73,-105.36,194.124,0.0,0.0,0.0,0.0,4,0.0,0.0,0.0
RC104,16.93,-105.37,205.76,0.0,0.0,0.0,0.0,4,0.0,0.0,0.0
RC20,17.05,-105.39,189.21,0.0,0.0,0.0,0.0,4,0.0,0.0,0.0
RC19,17.13,-105.39,192.621,0.0,0.0,0.0,0.0,4,0.0,0.0,0.0
RC18,17.3,-105.4,208.596,0.0,0.0,0.0,0.0,4,0.0,0.0,0.0
RC16,17.47,-105.42,200.234,0.0,0.0,0.0,0.0,4,0.0,0.0,0.0
RC8,17.92,-106.26,218.867,0.0,0.0,0.0,0.0,4,0.0,0.0,0.0
RC6,18.13,-106.3,224.96,0.0,0.0,0.0,0.0,4,0.0,0.0,0.0
RC11,18.1329,-106.3,231.615,0.0,0.0,0.0,0.0,4,0.0,0.0,0.0
D03LB,18.4895,-106.257,173.936,0.0,0.0,0.0,0.0,4,0.0,0.0,0.0
WFL2003556GS3L8,20.7848,-109.15,239.264,0.0,0.0,0.0,0.0,4,0.0,0.0,0.0
ALV0911R005,20.85,-109.05,228.475,0.0,0.0,0.0,0.0,4,0.0,0.0,0.0
ALV0910R003,20.875,-109.083,212.044,0.0,0.0,0.0,0.0,4,0.0,0.0,0.0
ALV0910R004,20.875,-109.083,185.658,0.0,0.0,0.0,0.0,4,0.0,0.0,0.0
VG7172,22.55,-108.42,178.998,0.0,0.0,0.0,0.0,4,0.0,0.0,0.0
WFL2003558PC65L8,22.8315,-108.122,156.207,0.0,0.0,0.0,0.0,4,0.0,0.0,0.0
WFL2003558PC65L9,22.8315,-108.122,197.848,0.0,0.0,0.0,0.0,4,0.0,0.0,0.0
WFL2003554PC65L7,23.3885,-108.528,172.193,0.0,0.0,0.0,0.0,4,0.0,0.0,0.0
VG317,43.35,-127.52,170.285,0.0,0.0,0.0,0.0,4,0.0,0.0,0.0
VG318,43.35,-127.52,201.717,0.0,0.0,0.0,0.0,4,0.0,0.0,0.0
VG322,43.35,-127.52,177.647,0.0,0.0,0.0,0.0,4,0.0,0.0,0.0
VG782,44.18,-129.33,223.115,0.0,0.0,0.0,0.0,4,0.0,0.0,0.0
VG786,44.18,-129.33,165.067,0.0,0.0,0.0,0.0,4,0.0,0.0,0.0
VG332,44.27,-129.75,307.794,0.0,,,,1,0.0,0.0,0.0
VG373,44.27,-129.75,283.662,0.0,,,,1,0.0,0.0,0.0
VG388,44.33,-129.92,302.388,,,,,0,,,
VG184,44.33,-129.83,212.4,0.0,,,0.0,2,0.0,0.0,0.0
VG186,44.42,-129.92,183.247,,,,,0,,,
VG187,44.42,-129.92,222.968,,,,,0,,,
AII012511013,44.438,-130.468,179.899,,,,,0,,,
WFL2002457PC10LIMU6,44.5662,-130.365,184.256,,,,,0,,,
VG7456,44.64,-130.37,115.172,,,,,0,,,
ALV2263001,44.643,-130.366,148.841,,,,,0,,,
VG175,44.75,-130.42,144.717,,,,,0,,,
VG7440,44.82,-130.29,190.063,,,,,0,,,
AII012511010,44.835,-130.407,200.358,,,,,0,,,
ALV2264002,44.905,-130.239,150.956,,,,,0,,,
ALV2269002,44.984,-130.203,157.453,,,,,0,,,
AII012511011,45.068,-130.147,274.44,,,,,0,,,
VG1969,45.13,-130.12,216.417,0.0,,,,1,0.0,0.0,0.0
ALV2430001,45.133,-130.167,184.635,0.0,,,,1,0.0,0.0,0.0
THO0152044,45.134,-130.186,177.956,0.0,,,,1,0.0,0.0,0.0
AII012511012,45.17,-130.157,160.635,0.0,,,,1,0.0,0.0,0.0
VG1963,45.27,-130.13,181.141,0.0,,,,1,0.0,0.0,0.0
VG1962,45.27,-130.13,208.366,0.0,,,,1,0.0,0.0,0.0
AII012511018,45.328,-130.075,203.695,0.0,,0.0,0.0,3,0.0,0.0,0.0
AII012511017,45.333,-130.085,174.599,0.0,,0.0,0.0,3,0.0,0.0,0.0
WFL2005882PC52055,45.5154,-130.041,226.814,0.0,0.0,0.0,0.0,4,0.0,0.0,0.0
WFL2005882PC52056,45.5154,-130.041,191.827,0.0,0.0,0.0,0.0,4,0.0,0.0,0.0
WFL2005883PC435,45.9927,-130.026,132.734,0.0,0.0,0.0,0.0,4,0.0,0.0,0.0
ENV7123003005,48.517,-128.917,188.489,0.0,0.0,0.0,0.0,4,0.0,0.0,0.0
VG956,48.97,-131.03,152.736,0.0,0.0,0.0,0.0,4,0.0,0.0,0.0
VG958,48.99,-130.99,235.394,0.0,0.0,0.0,0.0,4,0.0,0.0,0.0
VG955,49.08,-130.95,232.241,0.0,0.0,0.0,0.0,4,0.0,0.0,0.0
ENV7115070001,49.1167,-130.605,374.463,0.0,0.0,0.0,0.0,4,0.0,0.0,0.0
ENV7115070008,49.1167,-130.605,302.72,0.0,0.0,0.0,0.0,4,0.0,0.0,0.0
PS4CSM41502009,49.74,-130.3,182.059,0.0,0.0,0.0,0.0,4,0.0,0.0,0.0
ENV7906032001V,49.99,-129.88,163.442,0.0,0.0,0.0,0.0,4,0.0,0.0,0.0
VG954,50.0,-129.45,188.8,0.0,0.0,0.0,0.0,4,0.0,0.0,0.0
ENV7714033A,50.08,-130.3,232.728,0.0,0.0,0.0,0.0,4,0.0,0.0,0.0
ENV7714033B,50.08,-130.3,121.111,0.0,0.0,0.0,0.0,4,0.0,0.0,0.0
VG960,50.3,-130.43,252.725,0.0,0.0,0.0,0.0,4,0.0,0.0,0.0
ENV7115077006,50.31,-130.29,181.343,0.0,0.0,0.0,0.0,4,0.0,0.0,0.0
ENV7115077005,50.31,-130.29,231.002,0.0,0.0,0.0,0.0,4,0.0,0.0,0.0
PAC1CV1,-65.1,-173.75,213.0,80.0,100.0,80.0,80.0,4,80.0,100.0,20.0
PAC1CV2,-64.83,-172.43,197.0,80.0,100.0,80.0,80.0,4,80.0,100.0,20.0
PAC1CV3,-64.53,-171.88,255.0,80.0,100.0,80.0,80.0,4,80.0,100.0,20.0
PAC1CV4,-64.4,-169.4,134.0,80.0,80.0,80.0,60.0,4,60.0,80.0,20.0
PAC1CV7,-63.54,-165.96,113.0,80.0,80.0,80.0,60.0,4,60.0,80.0,20.0
PAC1CV6,-63.45,-166.06,198.0,80.0,80.0,80.0,60.0,4,60.0,80.0,20.0
PAC1DR4,-62.41,-153.04,201.0,320.0,80.0,320.0,,3,80.0,320.0,240.0
PAC1DR3,-62.32,-156.08,181.0,320.0,80.0,320.0,,3,80.0,320.0,240.0
PAC1DR51,-62.0,-154.54,155.0,320.0,80.0,320.0,,3,80.0,320.0,240.0
PAC1DR6,-60.94,-153.21,185.0,340.0,80.0,320.0,,3,80.0,340.0,260.0
PAC1DR71,-60.0,-152.08,174.0,340.0,80.0,340.0,,3,80.0,340.0,260.0
PAC1DR101,-57.89,-148.5,197.0,340.0,320.0,340.0,,3,320.0,340.0,20.0
PAC1DR102,-57.89,-148.5,166.0,340.0,320.0,340.0,,3,320.0,340.0,20.0
PAC1DR111,-57.63,-146.8,197.0,340.0,320.0,340.0,,3,320.0,340.0,20.0
PAC1DR121,-57.18,-146.29,196.0,340.0,320.0,340.0,,3,320.0,340.0,20.0
PAC1DR131,-56.57,-145.74,181.0,340.0,320.0,340.0,,3,320.0,340.0,20.0
PAC1DR132,-56.57,-145.74,211.0,340.0,320.0,340.0,,3,320.0,340.0,20.0
PAC2DR11,-52.52,-118.4,166.0,,320.0,,,1,320.0,320.0,0.0
EW930922D3G,-52.458,-4.57,178.0,,,,,0,,,
EW930923D1G,-52.157,-5.34,253.0,,,,,0,,,
EW930921D1G,-51.822,-5.5,171.0,,,,,0,,,
PAC2DR31,-51.79,-118.0,205.0,,320.0,,,1,320.0,320.0,0.0
EW930920D1G,-51.428,-5.78,160.0,,,,,0,,,
PAC2DR42,-51.42,-117.8,181.0,,320.0,,,1,320.0,320.0,0.0
EW930919D1G,-51.062,-6.16,323.0,,,,,0,,,
EW930918D1G,-51.053,-6.2,136.0,,,,,0,,,
PAC2DR52,-50.98,-117.4,187.0,,320.0,,,1,320.0,320.0,0.0
EW930917D1G,-50.757,-6.34,182.0,,,,,0,,,
PAC2DR66,-50.7,-117.2,168.0,,320.0,,,1,320.0,320.0,0.0
EW930915D1G,-50.578,-6.43,150.0,,,,,0,,,
EW930914D1G,-50.267,-7.06,151.0,,,,,0,,,
PAC2DR81,-49.99,-117.0,191.0,,320.0,,,1,320.0,320.0,0.0
PAC2DR201,-49.73,-113.8,140.0,,320.0,,,1,320.0,320.0,0.0
EW930911D1G,-49.443,-7.97,149.0,,,,,0,,,
PAC2DR212,-49.26,-113.6,171.0,,320.0,,,1,320.0,320.0,0.0
EW930909D1G,-49.147,-9.91,177.0,,,,,0,,,
EW930908D1G,-48.963,-9.97,138.0,,,,,0,,,
EW930907D1G,-48.76,-10.07,138.0,,,,,0,,,
PAC2DR221,-48.73,-113.4,181.0,,320.0,,,1,320.0,320.0,0.0
EW930905D5G,-48.24,-9.99,135.0,,,,,0,,,
EW930904D3G,-47.967,-10.08,136.0,,,,,0,,,
EW930903D1G,-47.795,-10.15,134.0,,,,,0,,,
EW930902D1G,-47.548,-10.18,140.0,,,,,0,,,
PAC2DR282,-47.51,-113.3,192.0,,320.0,,,1,320.0,320.0,0.0
EW930926D1G,-47.353,-13.4,164.0,,,,,0,,,
EW930925D1G,-47.348,-10.32,114.0,,,,,0,,,
PAC2DR291,-47.01,-113.1,172.0,,320.0,,,1,320.0,320.0,0.0
EW930928D3G,-46.9,-13.45,134.0,,,,,0,,,
PAC2DR301,-46.4,-112.9,164.0,,320.0,,,1,320.0,320.0,0.0
EW930933D1G,-45.99,-14.08,114.0,,,,,0,,,
PAC2DR313,-45.85,-112.7,157.0,,,,,0,,,
EW930934D1G,-45.847,-14.19,138.0,,,,,0,,,
EW930937D1G,-45.233,-15.07,135.0,,,,,0,,,
PAC2DR341,-44.24,-112.0,158.0,,,,,0,,,
EW930941D1G,-44.02,-16.08,148.0,,,,,0,,,
PAC2DR351A,-43.59,-111.8,193.0,,,,,0,,,
PAC2DR361,-42.95,-111.6,174.0,,,,,0,,,
PAC2DR372,-42.27,-111.3,163.0,,,,,0,,,
PAC2DR381,-41.8,-113.3,172.0,,,,,0,,,
EPRSOUTH,-29.02,-112.7,161.0,,,,,0,,,
EPRSOUTH,-29.01,-112.79,160.0,,,,,0,,,
EPRSOUTH,-28.48,-112.65,192.0,,,,,0,,,
EMPANOMEASTRIFT,-27.88,-112.81,181.0,,,,,0,,,
EMPANOMEASTRIFT,-27.53,-112.76,163.0,,,,,0,,,
EMPANOMEASTRIFT,-27.3,-112.81,192.0,,,,,0,,,
EMPANOMEASTRIFT,-27.21,-112.77,141.0,,,,,0,,,
EMPANOMEASTRIFT,-26.92,-112.7,214.0,,,,,0,,,
EMPANOMEASTRIFT,-26.81,-112.64,206.0,,,,,0,,,
EMPWESTRIFT,-26.7,-114.92,181.0,,,,,0,,,
EMPANOMEASTRIFT,-26.58,-112.65,196.0,,,,,0,,,
EMPANOMEASTRIFT,-26.46,-112.57,211.0,,,,,0,,,
EMPWESTRIFT,-26.35,-115.32,200.0,,,,,0,,,
EMPWESTRIFT,-25.9,-115.86,176.0,,,,,0,,,
EMPANOMEASTRIFT,-25.24,-112.38,208.0,,,,,0,,,
EMPANOMEASTRIFT,-24.86,-112.45,166.0,,,,,0,,,
EMPEASTRIFT,-24.78,-111.97,149.0,,,,,0,,,
EMPEASTRIFT,-24.61,-111.95,149.0,,,,,0,,,
EMPWESTRIFT,-24.11,-115.41,149.0,,,,,0,,,
EPR,-23.08,-114.54,162.0,,,,,0,,,
EPR,-22.68,-114.51,173.0,,,,,0,,,
EPR,-22.53,-114.47,188.0,,,,,0,,,
SONGMP5287,-17.8,-113.196,192.0,,,,,0,,,
SONGMP5324,-15.777,-112.95,183.0,,,,,0,,,
SONGMP5343,-13.9835,-112.482,208.0,,,,,0,,,
SONGMP5409,-6.602,-107.514,141.0,,,,,0,,,
RC28061D1G,-2.54,-12.233,209.0,380.0,,,,1,380.0,380.0,0.0
RC280616D8G,-0.27,-16.235,288.0,,,,,0,,,
CH591,8.0,-102.84,179.0,,,,,0,,,
CH611,8.36,-102.89,165.0,,,,,0,,,
CH981,10.14,-104.35,140.0,,,,,0,,,
CH382,11.32,-103.78,192.0,,,,,0,,,
108DR1,11.43,-104.0,171.0,,,,,0,,,
CYA1982020002,12.367,-103.952,178.0,,,,,0,,,
CH1212,12.53,-103.91,160.0,,,,,0,,,
CYA1982029001,12.567,-104.062,141.0,,,,,0,,,
CH244,12.67,-103.91,137.0,,,,,0,,,
CYA1982018001,12.67,-103.9,193.0,,,,,0,,,
CHRCLIP003021,12.7,-103.87,205.0,,,,,0,,,
CH221,12.76,-103.93,181.0,,,,,0,,,
CH211,12.78,-103.94,176.0,,,,,0,,,
CH193,12.82,-103.9,149.0,,,,,0,,,
108DR4,13.0,-104.0,168.0,,,,,0,,,
CH92,13.36,-104.08,196.0,,,,,0,,,
AL4821MEDIAN,13.774,-45.009,192.0,240.0,240.0,240.0,240.0,4,240.0,240.0,0.0
RC83,15.74,-105.39,175.0,0.0,0.0,0.0,0.0,4,0.0,0.0,0.0
RC45,15.87,-105.44,109.0,0.0,0.0,0.0,0.0,4,0.0,0.0,0.0
RC43,15.91,-105.44,128.0,0.0,0.0,0.0,0.0,4,0.0,0.0,0.0
RC38,15.99,-105.44,128.0,0.0,0.0,0.0,0.0,4,0.0,0.0,0.0
SONGMP4149,21.4808,-114.277,173.0,,,,,0,,,
TK1886,22.93,-45.0,205.0,220.0,220.0,220.0,240.0,4,220.0,240.0,20.0
TK152,23.36,-44.96,204.0,220.0,220.0,220.0,240.0,4,220.0,240.0,20.0
TK13SG,23.46,-44.93,226.0,220.0,220.0,220.0,240.0,4,220.0,240.0,20.0
TK112,23.58,-44.9,224.0,220.0,220.0,220.0,240.0,4,220.0,240.0,20.0
TK10,24.03,-46.31,241.0,220.0,220.0,220.0,240.0,4,220.0,240.0,20.0
TK88,24.46,-46.23,232.0,220.0,220.0,220.0,240.0,4,220.0,240.0,20.0
OC180352,24.76,-45.85,267.0,220.0,220.0,220.0,240.0,4,220.0,240.0,20.0
TK72,25.15,-45.43,246.0,220.0,220.0,220.0,240.0,4,220.0,240.0,20.0
TK612,25.55,-45.29,253.0,220.0,220.0,220.0,240.0,4,220.0,240.0,20.0
TK51,25.72,-45.11,226.0,220.0,220.0,220.0,240.0,4,220.0,240.0,20.0
TK46,25.83,-45.09,229.0,220.0,220.0,220.0,240.0,4,220.0,240.0,20.0
TK12,26.11,-44.87,230.0,220.0,220.0,220.0,240.0,4,220.0,240.0,20.0
TK31,26.17,-44.85,221.0,220.0,220.0,220.0,240.0,4,220.0,240.0,20.0
TK212,26.28,-44.73,226.0,220.0,220.0,220.0,240.0,4,220.0,240.0,20.0
OC180D534,27.0,-44.5,224.0,220.0,220.0,220.0,240.0,4,220.0,240.0,20.0
OC180D6B2,27.31,-44.29,197.0,220.0,220.0,220.0,240.0,4,220.0,240.0,20.0
OC180D74A,27.94,-43.96,226.0,220.0,220.0,220.0,240.0,4,220.0,240.0,20.0
OC180D92,28.44,-43.72,262.0,220.0,220.0,220.0,220.0,4,220.0,220.0,0.0
OC180101,28.72,-43.51,233.0,220.0,220.0,220.0,220.0,4,220.0,220.0,0.0
OC180111B,28.89,-43.28,461.0,220.0,220.0,220.0,220.0,4,220.0,220.0,0.0
OC180111A,28.89,-43.28,455.0,220.0,220.0,220.0,220.0,4,220.0,220.0,0.0
OC180122,29.14,-43.17,292.0,220.0,220.0,220.0,220.0,4,220.0,220.0,0.0
OC180132,29.7,-42.79,286.0,220.0,220.0,220.0,220.0,4,220.0,220.0,0.0
OC180141,29.98,-42.75,267.0,220.0,220.0,220.0,220.0,4,220.0,220.0,0.0
OC180291,30.67,-40.55,308.0,220.0,220.0,220.0,220.0,4,220.0,220.0,0.0
OC18017SG,31.66,-40.78,284.0,220.0,220.0,220.0,220.0,4,220.0,220.0,0.0
OC180D21,32.03,-40.39,332.0,220.0,220.0,220.0,220.0,4,220.0,220.0,0.0
OC180222,32.46,-40.13,263.0,220.0,220.0,220.0,220.0,4,220.0,220.0,0.0
OC180233,32.66,-40.13,258.0,220.0,220.0,220.0,220.0,4,220.0,220.0,0.0
OC180242,32.94,-39.65,279.0,220.0,240.0,220.0,220.0,4,220.0,240.0,20.0
AII127D12,33.176,-39.246,270.0,220.0,320.0,220.0,220.0,4,220.0,320.0,100.0
OC180251,33.46,-39.09,278.0,220.0,320.0,220.0,220.0,4,220.0,320.0,100.0
OC18026SG,33.59,-39.15,289.0,220.0,320.0,220.0,220.0,4,220.0,320.0,100.0
AII127D33A,33.657,-38.204,318.0,,320.0,220.0,220.0,3,220.0,320.0,100.0
AII127D551B,33.727,-37.784,283.0,,320.0,220.0,240.0,3,220.0,320.0,100.0
AII127D553,33.727,-37.784,268.0,,320.0,220.0,240.0,3,220.0,320.0,100.0
AII127D44,33.847,-37.73,197.0,,320.0,220.0,240.0,3,220.0,320.0,100.0
AII127D55,33.912,-37.706,226.0,,320.0,240.0,240.0,3,240.0,320.0,80.0
AII127D543,34.058,-37.648,258.0,,320.0,,240.0,2,240.0,320.0,80.0
AII127D76,34.356,-37.1,253.0,,320.0,,240.0,2,240.0,320.0,80.0
AII127D531,34.525,-36.996,242.0,,320.0,,240.0,2,240.0,320.0,80.0
AII127D523,34.578,-36.515,225.0,,320.0,,,1,320.0,320.0,0.0
AII127D85,34.709,-36.494,230.0,,320.0,,,1,320.0,320.0,0.0
AII127D501,34.842,-36.433,235.0,,320.0,,,1,320.0,320.0,0.0
AII127D502,34.842,-36.433,253.0,,320.0,,,1,320.0,320.0,0.0
AII127D104A,35.954,-34.159,219.0,,320.0,,,1,320.0,320.0,0.0
AII127D116,36.161,-33.975,245.0,,320.0,,,1,320.0,320.0,0.0
AII127D125,36.296,-33.757,245.0,,320.0,,,1,320.0,320.0,0.0
AII127D136,36.996,-32.942,274.0,,320.0,,,1,320.0,320.0,0.0
AII127D142,37.053,-32.906,352.0,,320.0,,,1,320.0,320.0,0.0
AII127D274,39.504,-29.739,254.0,,340.0,,,1,340.0,340.0,0.0
AII127D261,39.907,-29.674,310.0,,340.0,,,1,340.0,340.0,0.0
AII127D252,40.261,-29.595,235.0,,340.0,,,1,340.0,340.0,0.0
AII127D242,40.522,-29.537,211.0,,340.0,,,1,340.0,340.0,0.0
KAK83NP2017010,41.462,-127.225,176.0,0.0,0.0,0.0,0.0,4,0.0,0.0,0.0
KAK83NP2016001,41.522,-127.457,171.0,0.0,0.0,0.0,0.0,4,0.0,0.0,0.0
KAK83NP2014008,41.695,-127.232,142.0,0.0,0.0,0.0,0.0,4,0.0,0.0,0.0
KAK83NP2013003,41.803,-127.168,150.0,0.0,0.0,0.0,0.0,4,0.0,0.0,0.0
KAK83NP2012002,42.035,-127.16,168.0,0.0,0.0,0.0,0.0,4,0.0,0.0,0.0
KAK83NP2011008,42.12,-127.158,179.0,0.0,0.0,0.0,0.0,4,0.0,0.0,0.0
KAK83NP2009001,42.248,-127.077,143.0,0.0,0.0,0.0,0.0,4,0.0,0.0,0.0
KAK83NP2007004,42.473,-126.888,182.0,0.0,0.0,0.0,0.0,4,0.0,0.0,0.0
KAK83NP2006012,42.572,-126.852,166.0,0.0,0.0,0.0,0.0,4,0.0,0.0,0.0
KAK83NP2004015,42.757,-126.762,169.0,0.0,0.0,0.0,0.0,4,0.0,0.0,0.0
KAK83NP2003004,42.845,-126.7,193.0,0.0,0.0,0.0,0.0,4,0.0,0.0,0.0
KAK83NP2001008,42.95,-126.621,189.0,0.0,0.0,0.0,0.0,4,0.0,0.0,0.0
TRI0138006001A,50.043,-28.933,354.0,,320.0,380.0,,2,320.0,380.0,60.0
TRI0138006001B,50.043,-28.933,198.0,,320.0,380.0,,2,320.0,380.0,60.0
TRI0138009004,51.56,-29.92,278.0,360.0,320.0,360.0,,3,320.0,360.0,40.0
D121,55.455,-35.135,405.0,320.0,320.0,320.0,,3,320.0,320.0,0.0
D2A21,55.686,-34.96,275.0,320.0,320.0,320.0,,3,320.0,320.0,0.0
D2A41,55.686,-34.96,286.0,320.0,320.0,320.0,,3,320.0,320.0,0.0
D2A42,55.686,-34.96,244.0,320.0,320.0,320.0,,3,320.0,320.0,0.0
D2A43R,55.686,-34.96,269.0,320.0,320.0,320.0,,3,320.0,320.0,0.0
D441,56.276,-34.491,377.0,320.0,320.0,320.0,,3,320.0,320.0,0.0
D4A21,56.281,-34.354,300.0,320.0,320.0,320.0,,3,320.0,320.0,0.0
D4A23,56.281,-34.354,261.0,320.0,320.0,320.0,,3,320.0,320.0,0.0
D4A32,56.281,-34.354,358.0,320.0,320.0,320.0,,3,320.0,320.0,0.0
D4A33,56.281,-34.354,328.0,320.0,320.0,320.0,,3,320.0,320.0,0.0
D512G,56.408,-34.327,287.0,320.0,320.0,320.0,,3,320.0,320.0,0.0
D521,56.408,-34.327,306.0,320.0,320.0,320.0,,3,320.0,320.0,0.0
D531,56.408,-34.327,277.0,320.0,320.0,320.0,,3,320.0,320.0,0.0
D6B11,56.503,-34.421,235.0,320.0,140.0,320.0,,3,140.0,320.0,180.0
D6B22G,56.503,-34.421,262.0,320.0,140.0,320.0,,3,140.0,320.0,180.0
D6B51,56.503,-34.421,245.0,320.0,140.0,320.0,,3,140.0,320.0,180.0
D651G,56.555,-34.141,268.0,320.0,320.0,320.0,,3,320.0,320.0,0.0
END0025004001,57.142,-33.423,401.0,320.0,320.0,320.0,,3,320.0,320.0,0.0
DAR0080012A001,57.467,-33.008,472.0,320.0,320.0,320.0,,3,320.0,320.0,0.0
DAR0080014003,57.52,-32.905,341.0,320.0,320.0,320.0,,3,320.0,320.0,0.0
DAR0080014004,57.52,-32.905,309.0,320.0,320.0,320.0,,3,320.0,320.0,0.0
DAR0080017001,57.887,-32.43,466.0,320.0,320.0,320.0,,3,320.0,320.0,0.0
DAR0080022001,57.978,-32.455,388.0,320.0,320.0,320.0,,3,320.0,320.0,0.0
DAR0080049005,58.258,-31.924,354.0,320.0,320.0,320.0,,3,320.0,320.0,0.0
DAR0080059001,58.388,-31.797,386.0,320.0,320.0,320.0,,3,320.0,320.0,0.0
END0025005003,58.418,-31.617,396.0,320.0,320.0,320.0,,3,320.0,320.0,0.0
DAR0080062005,58.555,-31.538,352.0,320.0,320.0,320.0,,3,320.0,320.0,0.0
DAR0080067006,58.705,-31.317,399.0,320.0,320.0,320.0,,3,320.0,320.0,0.0
DAR0080080001,58.968,-30.932,438.0,320.0,320.0,320.0,,3,320.0,320.0,0.0
DAR0080085004,59.055,-30.718,415.0,320.0,320.0,320.0,,3,320.0,320.0,0.0
DAR0080090002,59.223,-30.49,599.0,320.0,320.0,320.0,,3,320.0,320.0,0.0
DAR0080092001,59.258,-30.575,398.0,320.0,320.0,320.0,,3,320.0,320.0,0.0
DAR0080098003,59.597,-30.037,406.0,320.0,320.0,320.0,,3,320.0,320.0,0.0
DAR0080100001,59.672,-29.877,383.0,320.0,320.0,320.0,,3,320.0,320.0,0.0
DAR0080103004,59.778,-29.841,341.0,320.0,320.0,320.0,,3,320.0,320.0,0.0
DAR0080096001,59.785,-30.111,390.0,320.0,320.0,320.0,,3,320.0,320.0,0.0
DAR0080104006,59.798,-29.787,413.0,320.0,320.0,320.0,,3,320.0,320.0,0.0
DAR0080105001,59.83,-29.754,443.0,320.0,320.0,320.0,,3,320.0,320.0,0.0
DAR0080108003,59.877,-29.619,412.0,320.0,320.0,320.0,,3,320.0,320.0,0.0
DAR0080111002,59.953,-29.524,370.0,320.0,320.0,320.0,,3,320.0,320.0,0.0
DAR0080112001,59.999,-29.485,426.0,320.0,320.0,320.0,,3,320.0,320.0,0.0
DAR0080116006,60.082,-29.26,342.0,320.0,320.0,320.0,,3,320.0,320.0,0.0
DAR0080117004,60.093,-29.32,418.0,320.0,320.0,320.0,,3,320.0,320.0,0.0
DAR0080119001,60.126,-29.257,517.0,320.0,320.0,320.0,,3,320.0,320.0,0.0
DAR0080121003,60.148,-29.19,368.0,320.0,320.0,320.0,,3,320.0,320.0,0.0
DAR0080122004,60.197,-29.155,423.0,320.0,320.0,320.0,,3,320.0,320.0,0.0
DAR0080126001,60.307,-28.986,461.0,320.0,320.0,320.0,,3,320.0,320.0,0.0
DAR0080129002,60.401,-28.905,455.0,320.0,320.0,320.0,,3,320.0,320.0,0.0
DAR0080131001,60.463,-28.712,324.0,320.0,320.0,320.0,,3,320.0,320.0,0.0
DAR0080133003,60.599,-28.605,300.0,320.0,320.0,320.0,,3,320.0,320.0,0.0
DAR0080136002,60.832,-28.247,369.0,320.0,320.0,320.0,,3,320.0,320.0,0.0
DAR0080138002,60.945,-28.093,412.0,320.0,320.0,320.0,,3,320.0,320.0,0.0
DAR0080140006,61.024,-27.955,391.0,320.0,320.0,320.0,,3,320.0,320.0,0.0
DAR0080144002,61.292,-27.603,364.0,320.0,320.0,320.0,,3,320.0,320.0,0.0
DAR0080146001,61.407,-27.41,403.0,320.0,320.0,320.0,,3,320.0,320.0,0.0
DAR0080147005,61.463,-27.245,283.0,320.0,320.0,320.0,,3,320.0,320.0,0.0
DAR0080150003,61.6,-27.106,379.0,320.0,320.0,320.0,,3,320.0,320.0,0.0
END0025006003,61.603,-27.068,352.0,320.0,320.0,320.0,,3,320.0,320.0,0.0
DAR0080153003,61.73,-26.902,356.0,320.0,320.0,320.0,,3,320.0,320.0,0.0
DAR0080155006,61.78,-26.774,356.0,320.0,320.0,320.0,,3,320.0,320.0,0.0
DAR0080157003,61.843,-26.645,345.0,320.0,320.0,320.0,,3,320.0,320.0,0.0
DAR0080160004,61.927,-26.587,360.0,320.0,320.0,320.0,,3,320.0,320.0,0.0
DAR0080162002,62.001,-26.449,397.0,320.0,320.0,320.0,,3,320.0,320.0,0.0
DAR0080164005,62.027,-26.45,381.0,320.0,320.0,320.0,,3,320.0,320.0,0.0
DAR0080169006,62.241,-26.117,358.0,320.0,320.0,320.0,,3,320.0,320.0,0.0
DAR0080173001,62.403,-25.853,381.0,320.0,320.0,320.0,,3,320.0,320.0,0.0
DAR0080175008,62.489,-25.647,323.0,320.0,320.0,320.0,,3,320.0,320.0,0.0
EN0268D1G,71.53,-3.94,420.0,140.0,120.0,140.0,320.0,4,120.0,320.0,200.0
EN0268D2G,71.53,-3.94,413.0,140.0,120.0,140.0,320.0,4,120.0,320.0,200.0
EN02631D1G,73.74,8.37,208.0,140.0,120.0,140.0,140.0,4,120.0,140.0,20.0
EN02630D1G,74.19,8.84,251.0,140.0,120.0,140.0,140.0,4,120.0,140.0,20.0
EN02629D1G,74.65,8.51,295.0,120.0,120.0,120.0,140.0,4,120.0,140.0,20.0
EN02619D1G,75.96,7.28,283.0,120.0,120.0,120.0,140.0,4,120.0,140.0,20.0
EN02621D1G,76.56,7.19,393.0,120.0,120.0,120.0,140.0,4,120.0,140.0,20.0
EN02622D1G,76.86,7.37,286.0,120.0,120.0,120.0,140.0,4,120.0,140.0,20.0
EN02625D2G,77.53,7.67,291.0,120.0,120.0,120.0,120.0,4,120.0,120.0,0.0
MELVULC5042010,-59.363,-18.06,179.0,380.0,,380.0,,2,380.0,380.0,0.0
MELVULC5027019,-57.895,-6.043,163.0,,,,,0,,,
MELVULC5027034,-57.895,-6.043,153.0,,,,,0,,,
AII01076056027,-54.397,5.137,317.0,,,,,0,,,
AII01077002038,-46.212,-14.073,205.0,,,,,0,,,
AII01077004016,-42.92,-16.37,155.0,,,,,0,,,
AII01077007003,-40.44,-16.75,151.0,,,,,0,,,
END0112002001,-35.367,-105.583,199.0,,,,,0,,,
AII01077018014,-34.443,-15.147,199.0,,,,,0,,,
WASPLUM5053001,-33.921,-14.524,197.0,,,,,0,,,
END0112005011,-33.65,-109.217,183.0,,,,,0,,,
END0112004010,-33.45,-112.5,173.0,,,,,0,,,
END0112007008,-32.117,-112.267,178.0,,,,,0,,,
GIL7202087001,-28.12,-113.17,249.0,,,,,0,,,
GIL7202087012,-28.12,-113.17,176.0,,,,,0,,,
END0113003001,-27.88,-112.81,217.0,,,,,0,,,
TRI0164025002,1.95,-91.18,210.0,,40.0,,,1,40.0,40.0,0.0
MELPROT9047001,10.3,-103.583,149.0,,,,,0,,,
MELPROT9055013,10.987,-103.705,303.0,,,,,0,,,
MELPROT9059001,11.247,-103.753,198.0,,,,,0,,,
CHRCLIP007001,11.433,-103.783,183.0,,,,,0,,,
MELPROT9215002,11.71,-103.832,166.0,,,,,0,,,
MELPROT9064002,11.717,-103.832,188.0,,,,,0,,,
AII00963018001,23.52,-44.82,233.0,220.0,220.0,220.0,240.0,4,220.0,240.0,20.0
GIL0104040001,23.805,-46.282,272.0,220.0,220.0,220.0,240.0,4,220.0,240.0,20.0
GIL0104047001,23.945,-46.3,274.0,220.0,220.0,220.0,240.0,4,220.0,240.0,20.0
ALV0828005,36.45,-32.7,294.0,,320.0,,,1,320.0,320.0,0.0
ALV0826001,36.48,-33.69,381.0,,320.0,,,1,320.0,320.0,0.0
ALV0832002,36.79,-33.33,251.0,,320.0,,,1,320.0,320.0,0.0
ALV0526005,36.818,-33.248,266.0,,320.0,,,1,320.0,320.0,0.0
ENV7115008001,48.31,-129.07,204.0,0.0,0.0,0.0,0.0,4,0.0,0.0,0.0
ENVCSM5006001,49.56,-130.28,164.0,0.0,0.0,0.0,0.0,4,0.0,0.0,0.0
ENVCSM5005001,49.58,-130.43,229.0,0.0,0.0,0.0,0.0,4,0.0,0.0,0.0
TULCUR1013001,49.64,-130.378,161.0,0.0,0.0,0.0,0.0,4,0.0,0.0,0.0
PS4CSM41501001,49.7235,-130.313,182.0,0.0,0.0,0.0,0.0,4,0.0,0.0,0.0
PS4CSM41505001,49.758,-130.282,166.0,0.0,0.0,0.0,0.0,4,0.0,0.0,0.0
PS4CSM41506002,49.77,-130.196,140.0,0.0,0.0,0.0,0.0,4,0.0,0.0,0.0
ENVCSM5003002,49.79,-130.25,156.0,0.0,0.0,0.0,0.0,4,0.0,0.0,0.0
ENVCSM5008001,49.85,-130.17,160.0,0.0,0.0,0.0,0.0,4,0.0,0.0,0.0
ENV7714036002,49.92,-130.18,163.0,0.0,0.0,0.0,0.0,4,0.0,0.0,0.0
ENV7906032001,49.99,-129.88,130.0,0.0,0.0,0.0,0.0,4,0.0,0.0,0.0
ENV7906032039,49.99,-129.88,189.0,0.0,0.0,0.0,0.0,4,0.0,0.0,0.0
ENV7025004069,50.225,-130.25,273.0,0.0,0.0,0.0,0.0,4,0.0,0.0,0.0
NEJTW,51.48,-130.87,143.0,0.0,0.0,0.0,0.0,4,0.0,0.0,0.0
TRI0139030002,71.82,-2.08,244.0,140.0,120.0,140.0,140.0,4,120.0,140.0,20.0
TRI0139031002,72.18,0.23,268.0,140.0,120.0,140.0,140.0,4,120.0,140.0,20.0
TRI0139032002,72.608,3.375,256.0,140.0,120.0,140.0,140.0,4,120.0,140.0,20.0
TRI0139033001,73.01,5.18,267.0,140.0,120.0,140.0,140.0,4,120.0,140.0,20.0
