hotspot,lat,lon_180,n_points,age_Ma,tectonic_setting,country,rock_type,source,source_id
Alligator Lake,60.42000000000001,-135.42,1,,Intraplate / Continental crust (> 25 km),Canada,Basalt / Picro-Basalt,GVP,320020
Andrus,-75.8,-132.33,1,,Intraplate / Continental crust (> 25 km),Antarctica,Trachyte / Trachydacite,GVP,390023
Aragats field,39.92198181253264,44.94300062364777,7,,Intraplate / Continental crust (> 25 km),Turkiye,Basalt / Picro-Basalt,GVP,213030
"Arhab, Harra of",15.602500000000003,44.09780000000001,1,,Intraplate / Continental crust (> 25 km),Yemen,Trachybasalt / Tephrite Basanite,GVP,231090
Arxan-Chaihe,47.45,120.80000000000001,1,,Intraplate / Continental crust (> 25 km),China,Basalt / Picro-Basalt,GVP,305011
"Ash Shaam, Harrat",32.333000000000006,37.583000000000006,1,,Intraplate / Continental crust (> 25 km),Syria-Jordan-Saudi Arabia,Basalt / Picro-Basalt,GVP,231001
Ashikule Volcanic Field,35.742000000000004,81.64600000000002,1,,Intraplate / Continental crust (> 25 km),China,Trachyte / Trachydacite,GVP,304030
Atakor Volcanic Field field,23.625,5.8300000000000125,2,,Intraplate / Continental crust (> 25 km),Algeria,Trachybasalt / Tephrite Basanite,GVP,225005
Atlin Volcanic Field,59.70799999999999,-133.358,1,,Intraplate / Continental crust (> 25 km),Canada,Trachybasalt / Tephrite Basanite,GVP,320030
Auckland Volcanic Field,-36.89,174.81000000000003,1,,Intraplate / Continental crust (> 25 km),New Zealand,Trachybasalt / Tephrite Basanite,GVP,241020
Balhaf-Bir Ali Volcanic Field,14.067000000000002,48.30000000000001,1,,Intraplate / Continental crust (> 25 km),Yemen,Basalt / Picro-Basalt,GVP,231170
"Basile, Pico field",4.183097522297578,9.216095432616797,3,,Intraplate / Continental crust (> 25 km),Equatorial Guinea,Basalt / Picro-Basalt,GVP,224004
Bayuda Volcanic Field,18.330000000000002,32.75,1,,Intraplate / Continental crust (> 25 km),Sudan,Trachybasalt / Tephrite Basanite,GVP,225060
Behm Canal-Rudyerd Bay field,55.056708053560655,-130.04177306663416,3,,Intraplate / Continental crust (> 25 km),United States,Basalt / Picro-Basalt,GVP,315070
Berlin,-76.05,-136.0,1,,Intraplate / Continental crust (> 25 km),Antarctica,Trachyte / Trachydacite,GVP,390022
Bilate River Field field,6.915004406749066,38.034978674017175,2,,Intraplate / Continental crust (> 25 km),Ethiopia,No Data (checked),GVP,221291
Bir Borhut,15.515000000000004,50.93500000000001,1,,Intraplate / Continental crust (> 25 km),Yemen,Basalt / Picro-Basalt,GVP,231180
"Birk, Harrat al",18.370000000000005,41.629999999999995,1,,Intraplate / Continental crust (> 25 km),Saudi Arabia,Basalt / Picro-Basalt,GVP,231072
"Blanca, Laguna",-39.02000000000001,-70.37000000000002,1,,Intraplate / Continental crust (> 25 km),Argentina,Basalt / Picro-Basalt,GVP,357102
Bridgeman Island field,-62.061988814210515,-57.43758057814031,3,,Intraplate / Continental crust (> 25 km),Antarctica,Basalt / Picro-Basalt,GVP,390031
Calatrava Volcanic Field,38.870000000000005,-4.020000000000011,1,,Intraplate / Continental crust (> 25 km),Spain,Basalt / Picro-Basalt,GVP,210040
"Cendres, Ile des",10.158,109.01400000000001,1,,Intraplate / Continental crust (> 25 km),Vietnam,Basalt / Picro-Basalt,GVP,275060
Changbaishan,41.98,128.08000000000004,1,,Intraplate / Continental crust (> 25 km),China-North Korea,Trachyte / Trachydacite,GVP,305060
Churchill,61.379999999999995,-141.75,1,,Intraplate / Continental crust (> 25 km),United States,Dacite,GVP,315030
Crater Basalt Volcanic Field,-42.01800000000001,-70.194,1,,Intraplate / Continental crust (> 25 km),Argentina,Trachybasalt / Tephrite Basanite,GVP,358025
Damavand,35.95100000000001,52.10900000000001,1,,Intraplate / Continental crust (> 25 km),Iran,Trachyandesite / Basaltic Trachyandesite,GVP,232010
Deception Island,-62.95669999999999,-60.63669999999998,1,,Intraplate / Continental crust (> 25 km),Antarctica,Basalt / Picro-Basalt,GVP,390030
"Dhamar, Harras of",14.57,44.67000000000002,1,,Intraplate / Continental crust (> 25 km),Yemen,Basalt / Picro-Basalt,GVP,231120
Edgecumbe,57.050000000000004,-135.75,1,,Intraplate / Continental crust (> 25 km),United States,Andesite / Basaltic Andesite,GVP,315040
Edziza field,57.5870568607403,-131.10399921640538,6,,Intraplate / Continental crust (> 25 km),Canada,Basalt / Picro-Basalt,GVP,320040
Elbrus,43.351,42.44200000000001,1,,Intraplate / Continental crust (> 25 km),Russia,Dacite,GVP,214010
Erciyes Volcanic Complex,38.531000000000006,35.446999999999996,1,,Intraplate / Continental crust (> 25 km),Turkiye,Dacite,GVP,213010
Erebus,-77.53,167.16999999999996,1,,Intraplate / Continental crust (> 25 km),Antarctica,Phonolite,GVP,390020
Flores,39.462,-31.216000000000008,1,,Intraplate / Continental crust (> 25 km),Portugal,Basalt / Picro-Basalt,GVP,382001
Fort Selkirk,62.93000000000001,-137.38,1,,Intraplate / Continental crust (> 25 km),Canada,Trachybasalt / Tephrite Basanite,GVP,320010
Hainan Volcanic Field,19.905,110.22899999999998,1,,Intraplate / Continental crust (> 25 km),China,Basalt / Picro-Basalt,GVP,275001
Halla,33.361,126.52999999999997,1,,Intraplate / Continental crust (> 25 km),South Korea,Basalt / Picro-Basalt,GVP,306040
Hasandag-Keciboyduran Volcanic Complex,38.13,34.17000000000001,1,,Intraplate / Continental crust (> 25 km),Turkiye,Dacite,GVP,213002
"Haylan, Jabal",15.399999999999999,45.099999999999994,1,,Intraplate / Continental crust (> 25 km),Yemen,Basalt / Picro-Basalt,GVP,231110
Honggeertu,41.589999999999996,113.111,1,,Intraplate / Continental crust (> 25 km),China,Basalt / Picro-Basalt,GVP,305010
Hudson Mountains,-74.33,-99.42,1,,Intraplate / Continental crust (> 25 km),Antarctica,Basalt / Picro-Basalt,GVP,390028
Imuruk Lake,65.51700000000001,-163.45,1,,Intraplate / Continental crust (> 25 km),United States,Basalt / Picro-Basalt,GVP,314060
Infiernillo,-35.123,-69.9,1,,Intraplate / Continental crust (> 25 km),Argentina,Andesite / Basaltic Andesite,GVP,357041
Ingakslugwat Hills,61.42999999999999,-164.47,1,,Intraplate / Continental crust (> 25 km),United States,Basalt / Picro-Basalt,GVP,314030
"Ithnayn, Harrat",26.58,40.19999999999999,1,,Intraplate / Continental crust (> 25 km),Saudi Arabia,Basalt / Picro-Basalt,GVP,231050
Jingpohu,44.08,128.83000000000004,1,,Intraplate / Continental crust (> 25 km),China,Trachybasalt / Tephrite Basanite,GVP,305040
Karaca Dag,37.67000000000001,39.82999999999999,1,,Intraplate / Continental crust (> 25 km),Turkiye,Basalt / Picro-Basalt,GVP,213011
Kazbek,42.697,44.518399999999986,1,,Intraplate / Continental crust (> 25 km),Georgia,Andesite / Basaltic Andesite,GVP,214020
Keluo Group field,49.04605712800351,126.03574931884944,2,,Intraplate / Continental crust (> 25 km),China,Trachybasalt / Tephrite Basanite,GVP,305020
"Khaybar, Harrat",25.500000000000004,40.0,1,,Intraplate / Continental crust (> 25 km),Saudi Arabia,Basalt / Picro-Basalt,GVP,231060
Khoid Naiman Nuur,46.64589999999999,101.79820000000001,1,,Intraplate / Continental crust (> 25 km),Mongolia,nan,GVP,303015
"Kishb, Harrat",22.8,41.379999999999995,1,,Intraplate / Continental crust (> 25 km),Saudi Arabia,Trachybasalt / Tephrite Basanite,GVP,231071
"Koussi, Emi",19.800000000000004,18.530000000000005,1,,Intraplate / Continental crust (> 25 km),Chad,Trachyte / Trachydacite,GVP,225021
Kula,38.580000000000005,28.52000000000001,1,,Intraplate / Continental crust (> 25 km),Turkiye,Trachybasalt / Tephrite Basanite,GVP,213000
Kutum Volcanic Field,14.57,25.849999999999994,1,,Intraplate / Continental crust (> 25 km),Sudan,Basalt / Picro-Basalt,GVP,225040
Longgang Group,42.330000000000005,126.5,1,,Intraplate / Continental crust (> 25 km),China,Basalt / Picro-Basalt,GVP,305050
"Lunayyir, Harrat",25.17,37.75,1,,Intraplate / Continental crust (> 25 km),Saudi Arabia,Basalt / Picro-Basalt,GVP,231040
Ly Son Group,15.38,109.12,1,,Intraplate / Continental crust (> 25 km),Vietnam,Basalt / Picro-Basalt,GVP,275020
"Marra, Jebel",12.95,24.27000000000001,1,,Intraplate / Continental crust (> 25 km),Sudan,Basalt / Picro-Basalt,GVP,225030
McBride Volcanic Province,-18.367,144.567,1,,Intraplate / Continental crust (> 25 km),Australia,nan,GVP,259804
McMurdo Province at 76.8°S,-76.83,163.0,1,,Intraplate / Continental crust (> 25 km),Antarctica,No Data (checked),GVP,390016
Meidob Volcanic Field,15.320000000000002,26.470000000000002,1,,Intraplate / Continental crust (> 25 km),Sudan,Trachybasalt / Tephrite Basanite,GVP,225050
Melbourne,-74.35000000000001,164.7,1,,Intraplate / Continental crust (> 25 km),Antarctica,Trachyte / Trachydacite,GVP,390015
Melkassa,8.43,39.35,1,,Intraplate / Continental crust (> 25 km),Ethiopia,Basalt / Picro-Basalt,GVP,221222
Milbanke Sound Group,52.498,-128.723,1,,Intraplate / Continental crust (> 25 km),Canada,Basalt / Picro-Basalt,GVP,320120
Morning field,-78.37501722200966,163.42893952398288,2,,Intraplate / Continental crust (> 25 km),Antarctica,Phonolite,GVP,390017
Mount Haddington Volcanic Field,-64.15000000000002,-57.74999999999999,1,,Intraplate / Continental crust (> 25 km),Antarctica,Basalt / Picro-Basalt,GVP,390829
Nazko,52.928,-123.73200000000001,1,,Intraplate / Continental crust (> 25 km),Canada,Trachybasalt / Tephrite Basanite,GVP,320140
Nemrut Dagi,38.654,42.22899999999999,1,,Intraplate / Continental crust (> 25 km),Turkiye,Rhyolite,GVP,213020
Newer Volcanics Province,-37.77,142.5,1,,Intraplate / Continental crust (> 25 km),Australia,Trachybasalt / Tephrite Basanite,GVP,259010
Oku Volcanic Field,6.25,10.500000000000002,1,,Intraplate / Continental crust (> 25 km),Cameroon,Basalt / Picro-Basalt,GVP,224030
Olot Volcanic Field,42.17,2.530000000000001,1,,Intraplate / Continental crust (> 25 km),Spain,Trachybasalt / Tephrite Basanite,GVP,210030
Paulet,-63.57900000000001,-55.78,1,,Intraplate / Continental crust (> 25 km),Antarctica,Basalt / Picro-Basalt,GVP,390041
"Pleiades, The",-72.67000000000002,165.5,1,,Intraplate / Continental crust (> 25 km),Antarctica,Trachyandesite / Basaltic Trachyandesite,GVP,390013
Popa,20.92,95.25,1,,Intraplate / Continental crust (> 25 km),Burma (Myanmar),Basalt / Picro-Basalt,GVP,275080
"Rahat, Harrat",23.08,39.78,1,,Intraplate / Continental crust (> 25 km),Saudi Arabia,Basalt / Picro-Basalt,GVP,231070
Samsari Volcanic Center,41.542000000000016,43.69999999999999,1,,Intraplate / Continental crust (> 25 km),Georgia,Andesite / Basaltic Andesite,GVP,214050
"Sawad, Harra Es-",13.58,46.12000000000001,1,,Intraplate / Continental crust (> 25 km),Yemen,Trachybasalt / Tephrite Basanite,GVP,231160
St. Michael,63.450000000000024,-162.12,1,,Intraplate / Continental crust (> 25 km),United States,Basalt / Picro-Basalt,GVP,314040
St. Paul Island,57.167,-170.213,1,,Intraplate / Continental crust (> 25 km),United States,Trachybasalt / Tephrite Basanite,GVP,314010
Tahalra Volcanic Field,22.67,5.0,1,,Intraplate / Continental crust (> 25 km),Algeria,Trachybasalt / Tephrite Basanite,GVP,225004
Takahe,-76.28000000000003,-112.08,1,,Intraplate / Continental crust (> 25 km),Antarctica,Trachyte / Trachydacite,GVP,390027
Taryatu-Chulutu,48.13300000000001,99.94999999999999,1,,Intraplate / Continental crust (> 25 km),Mongolia,Trachybasalt / Tephrite Basanite,GVP,303010
Tengchong,25.230000000000004,98.5,1,,Intraplate / Continental crust (> 25 km),China,Basalt / Picro-Basalt,GVP,275110
Todra Volcanic Field,17.680000000000003,8.500000000000002,1,,Intraplate / Continental crust (> 25 km),Niger,Basalt / Picro-Basalt,GVP,225001
"Toh, Tarso field",21.097446028989605,16.694726343718894,3,,Intraplate / Continental crust (> 25 km),Chad,Basalt / Picro-Basalt,GVP,225009
Tuya Volcanic Field,59.37,-130.58,1,,Intraplate / Continental crust (> 25 km),Canada,Basalt / Picro-Basalt,GVP,320031
Ulleungdo,37.5,130.87,1,,Intraplate / Continental crust (> 25 km),South Korea,Trachyandesite / Basaltic Trachyandesite,GVP,306030
Wells Gray-Clearwater,52.0306,-120.1125,1,,Intraplate / Continental crust (> 25 km),Canada,Basalt / Picro-Basalt,GVP,320150
Wrangell,62.00599999999999,-144.017,1,,Intraplate / Continental crust (> 25 km),United States,Andesite / Basaltic Andesite,GVP,315020
"Yar, Jabal",17.050000000000004,42.829999999999984,1,,Intraplate / Continental crust (> 25 km),Saudi Arabia,Basalt / Picro-Basalt,GVP,231080
