hotspot,lat,lon_180,n_points,n_cells,age_Ma,tectonic_setting,country,rock_type,source,source_id
Abed Formation,32.00000000000002,38.0,26,1,8.45,GEOROC intraplate compilation,,,GEOROC:reduced_2026-06-RZZ9VM_ARABIAN-NUBIAN_SHIELD.csv,
"Aden Region (16.3, 45.0)",16.3,45.0,2,1,0.0,GEOROC intraplate compilation,,,GEOROC:reduced_2026-06-RZZ9VM_ARABIAN-NUBIAN_SHIELD.csv,
"Aden Region (12.5, 44.0)",12.500000000000004,43.99999999999998,17,1,0.0,GEOROC intraplate compilation,,,GEOROC:reduced_2026-06-RZZ9VM_ARABIAN-NUBIAN_SHIELD.csv,
"Aden Region (15.4, 44.2)",15.400000000000006,44.199999999999996,2,1,0.0,GEOROC intraplate compilation,,,GEOROC:reduced_2026-06-RZZ9VM_ARABIAN-NUBIAN_SHIELD.csv,
"Aden Region (13.6, 46.1)",13.580000000000009,46.12000000000002,23,1,5.0,GEOROC intraplate compilation,,,GEOROC:reduced_2026-06-RZZ9VM_ARABIAN-NUBIAN_SHIELD.csv,
Afyon,37.94864319249649,30.31005971187832,28,1,8.5,GEOROC intraplate compilation,,,GEOROC:reduced_2026-06-RZZ9VM_ANATOLIA-IRAN_BELT_part1.csv,
Aladag Formation,40.17332479956841,42.944168312922024,5,1,1.5,GEOROC intraplate compilation,,,GEOROC:reduced_2026-06-RZZ9VM_ANATOLIA-IRAN_BELT_part1.csv,
"Alborz Mountains (36.1, 50.0)",36.1,49.99999999999999,15,1,0.0,GEOROC intraplate compilation,,,GEOROC:reduced_2026-06-RZZ9VM_ANATOLIA-IRAN_BELT_part2.csv,
"Alborz Mountains (38.9, 45.7)",38.93000000000001,45.670000000000016,6,1,10.0,GEOROC intraplate compilation,,,GEOROC:reduced_2026-06-RZZ9VM_ANATOLIA-IRAN_BELT_part2.csv,
"Alborz Mountains (38.3, 46.5)",38.260000000000005,46.46999999999999,7,1,10.0,GEOROC intraplate compilation,,,GEOROC:reduced_2026-06-RZZ9VM_ANATOLIA-IRAN_BELT_part2.csv,
Aldan-Stanovoi Shield,58.5,126.0,2,1,122.0,GEOROC intraplate compilation,,,GEOROC:reduced_2026-06- RZZ9VM_CENTRAL_ASIAN_FOLDBELT_-_MESOZOIC_part3.csv,
Algeria,24.000000000000004,6.5,3,1,24.0,GEOROC intraplate compilation,,,GEOROC:reduced_2026-06-RZZ9VM_TUAREG_SHIELD.csv,
"Anhui Province (31.5, 118.5)",31.529999999999998,118.50000000000001,1,1,53.18,GEOROC intraplate compilation,,,GEOROC:reduced_2026-06-RZZ9VM_CENTRAL_ASIAN_FOLDBELT_CENOZOIC_QUATERNARY_part2.csv,
"Anhui Province (32.6, 118.3)",32.64174186239514,118.25688184833386,30,1,27.14,GEOROC intraplate compilation,,,GEOROC:reduced_2026-06- RZZ9VM_CENTRAL_ASIAN_FOLDBELT_-_MESOZOIC_part3.csv,
"Anhui Province (31.4, 116.6)",31.37114946153675,116.63252249278891,27,1,137.0,GEOROC intraplate compilation,,,GEOROC:reduced_2026-06- RZZ9VM_CENTRAL_ASIAN_FOLDBELT_-_MESOZOIC_part3.csv,
"Anhui Province (30.0, 114.0)",29.999999999999996,114.00000000000001,1,1,120.0,GEOROC intraplate compilation,,,GEOROC:reduced_2026-06- RZZ9VM_CENTRAL_ASIAN_FOLDBELT_-_MESOZOIC_part3.csv,
"Anhui Province (31.5, 116.0)",31.47002897258366,116.02277789187484,22,1,116.0,GEOROC intraplate compilation,,,GEOROC:reduced_2026-06- RZZ9VM_CENTRAL_ASIAN_FOLDBELT_-_MESOZOIC_part3.csv,
Apuseni Mountains,45.824300000000015,22.528999999999993,1,1,66.0,GEOROC intraplate compilation,,,GEOROC:reduced_2026-06-RZZ9VM_CARPATHIAN_BELT_AND_PANNONIAN_BASIN.csv,
Arizona,35.25044153744719,-109.86789247349287,16,2,21.875,GEOROC intraplate compilation,,,GEOROC:reduced_2026-06-RZZ9VM_COLORADO_PLATEAU.csv,
Armorican Massif,48.332330102416165,-4.413647083072015,11,2,195.0,GEOROC intraplate compilation,,,GEOROC:reduced_2026-06-RZZ9VM_EUROPEAN_OROGENIC_BELT_MESOZOIC.csv,
Ashikule Volcanoes,35.80000000000001,81.5,28,1,0.46,GEOROC intraplate compilation,,,GEOROC:reduced_2026-06-RZZ9VM_CENTRAL_ASIAN_FOLDBELT_CENOZOIC_QUATERNARY_part1.csv,
Atherton Province - Bellenden Ker Suite,-17.499999999999996,145.5,9,1,0.9499999999999998,GEOROC intraplate compilation,,,GEOROC:reduced_2026-06-RZZ9VM_AUSTRALIA.csv,
Ayvacik Volcanics,39.71726491688701,26.34699186100739,15,1,15.9,GEOROC intraplate compilation,,,GEOROC:reduced_2026-06-RZZ9VM_ANATOLIA-IRAN_BELT_part1.csv,
Baegryeong,37.97000000000001,124.63000000000001,2,1,4.0,GEOROC intraplate compilation,,,GEOROC:reduced_2026-06-RZZ9VM_CENTRAL_ASIAN_FOLDBELT_CENOZOIC_QUATERNARY_part2.csv,
Baia De Aries,46.32921211925525,23.239547468257022,2,1,8.0,GEOROC intraplate compilation,,,GEOROC:reduced_2026-06-RZZ9VM_CARPATHIAN_BELT_AND_PANNONIAN_BASIN.csv,
Baiyinchagan Volcano Group,41.59618000804888,113.10068016096719,5,1,0.11000000000000001,GEOROC intraplate compilation,,,GEOROC:reduced_2026-06-RZZ9VM_CENTRAL_ASIAN_FOLDBELT_CENOZOIC_QUATERNARY_part2.csv,
Bakony-Balaton Highlands,46.867721240794666,17.57887014487275,23,2,5.706086956521739,GEOROC intraplate compilation,,,GEOROC:reduced_2026-06-RZZ9VM_CARPATHIAN_BELT_AND_PANNONIAN_BASIN.csv,
Barrington Volcanic Province,-32.00000000000001,152.0,11,1,0.0,GEOROC intraplate compilation,,,GEOROC:reduced_2026-06-RZZ9VM_AUSTRALIA.csv,
Behradih Pipe,20.213700000000006,82.20319999999998,1,1,65.0,GEOROC intraplate compilation,,,GEOROC:reduced_2026-06-RZZ9VM_BASTAR_CRATON.csv,
Bellsbank Kimberlite,-28.080000000000002,24.03000000000001,2,1,120.0,GEOROC intraplate compilation,,,GEOROC:reduced_2026-06-RZZ9VM_KAAPVAAL_CRATON.csv,
Bigadic Succession - GãLcãK Basalt,39.33848227372878,28.07576311696229,20,1,19.7,GEOROC intraplate compilation,,,GEOROC:reduced_2026-06-RZZ9VM_ANATOLIA-IRAN_BELT_part2.csv,
Blue Mountains Supersuite,-32.00000000000001,149.0,8,1,14.0,GEOROC intraplate compilation,,,GEOROC:reduced_2026-06-RZZ9VM_AUSTRALIA.csv,
Bogacs Ignimbrite,47.89857506413715,20.52407628784797,98,1,16.4,GEOROC intraplate compilation,,,GEOROC:reduced_2026-06-RZZ9VM_CARPATHIAN_BELT_AND_PANNONIAN_BASIN.csv,
"Bohemian Massif (50.1, 13.5)",50.14855506670733,13.528646128720528,14,1,23.8,GEOROC intraplate compilation,,,GEOROC:reduced_2026-06-RZZ9VM_EUROPEAN_OROGENIC_BELT_CENOZOIC_QUATERNARY.csv,
"Bohemian Massif (50.5, 13.7)",50.53850053520916,13.716224396244499,27,1,23.3,GEOROC intraplate compilation,,,GEOROC:reduced_2026-06-RZZ9VM_EUROPEAN_OROGENIC_BELT_CENOZOIC_QUATERNARY.csv,
"Bohemian Massif (50.3, 12.5)",50.30000000000001,12.5,2,1,20.0,GEOROC intraplate compilation,,,GEOROC:reduced_2026-06-RZZ9VM_EUROPEAN_OROGENIC_BELT_CENOZOIC_QUATERNARY.csv,
"Bohemian Massif (50.1, 12.3)",50.13193610398649,12.342735495135104,11,1,20.0,GEOROC intraplate compilation,,,GEOROC:reduced_2026-06-RZZ9VM_EUROPEAN_OROGENIC_BELT_CENOZOIC_QUATERNARY.csv,
"Bohemian Massif (49.1, 12.0)",49.08799191023303,11.993329722201086,24,1,16.5,GEOROC intraplate compilation,,,GEOROC:reduced_2026-06-RZZ9VM_EUROPEAN_OROGENIC_BELT_CENOZOIC_QUATERNARY.csv,
"Bohemian Massif (49.5, 13.3)",49.491551562284656,13.280735433687235,2,1,23.799999999999997,GEOROC intraplate compilation,,,GEOROC:reduced_2026-06-RZZ9VM_EUROPEAN_OROGENIC_BELT_CENOZOIC_QUATERNARY.csv,
"Bohemian Massif (49.0, 14.9)",49.03000000000001,14.870000000000005,1,1,30.9,GEOROC intraplate compilation,,,GEOROC:reduced_2026-06-RZZ9VM_EUROPEAN_OROGENIC_BELT_CENOZOIC_QUATERNARY.csv,
"Bohemian Massif (51.0, 16.3)",50.96347420133268,16.270643296784414,10,1,15.0,GEOROC intraplate compilation,,,GEOROC:reduced_2026-06-RZZ9VM_EUROPEAN_OROGENIC_BELT_CENOZOIC_QUATERNARY.csv,
"Bohemian Massif (50.6, 17.9)",50.57538528514172,17.87079609955339,2,1,15.0,GEOROC intraplate compilation,,,GEOROC:reduced_2026-06-RZZ9VM_EUROPEAN_OROGENIC_BELT_CENOZOIC_QUATERNARY.csv,
"Bohemian Massif (49.9, 15.6)",49.910000000000004,15.569999999999991,1,1,28.7,GEOROC intraplate compilation,,,GEOROC:reduced_2026-06-RZZ9VM_EUROPEAN_OROGENIC_BELT_CENOZOIC_QUATERNARY.csv,
"Bohemian Massif (49.9, 14.6)",49.88028635145949,14.575804366991111,5,1,22.9,GEOROC intraplate compilation,,,GEOROC:reduced_2026-06-RZZ9VM_EUROPEAN_OROGENIC_BELT_CENOZOIC_QUATERNARY.csv,
"Bohemian Massif (50.6, 14.8)",50.64905101142978,14.79803410074662,7,1,26.8,GEOROC intraplate compilation,,,GEOROC:reduced_2026-06-RZZ9VM_EUROPEAN_OROGENIC_BELT_CENOZOIC_QUATERNARY.csv,
Borgoi,50.46066101990125,103.48552912854667,48,1,116.0,GEOROC intraplate compilation,,,GEOROC:reduced_2026-06-RZZ9VM_CENTRAL_ASIAN_FOLDBELT_CENOZOIC_QUATERNARY_part2.csv,
British Columbia,51.35634186895257,-120.73803432888204,16,1,6.0,GEOROC intraplate compilation,,,GEOROC:reduced_2026-06-RZZ9VM_NORTH_AMERICAN_CORDILLERA_CENOZOIC_QUATERNARY.csv,
Buon Me Thuot Plateau,12.736683772817965,108.112521042844,15,4,5.031333333333333,GEOROC intraplate compilation,,,GEOROC:reduced_2026-06-RZZ9VM_CENTRAL_ASIAN_FOLDBELT_CENOZOIC_QUATERNARY_part2.csv,
Burinda And Unerikanskii Volcanic Complexes,52.00000000000001,130.0,9,1,102.0,GEOROC intraplate compilation,,,GEOROC:reduced_2026-06-RZZ9VM_CENTRAL_ASIAN_FOLDBELT_PROTEROZOIC.csv,
Burunda Complex,52.70000000000001,131.0,4,1,105.0,GEOROC intraplate compilation,,,GEOROC:reduced_2026-06-RZZ9VM_CENTRAL_ASIAN_FOLDBELT_PROTEROZOIC.csv,
Buzzard Creek Maars,64.00000000000003,-148.0,1,1,0.0,GEOROC intraplate compilation,,,GEOROC:reduced_2026-06-RZZ9VM_NORTH_AMERICAN_CORDILLERA_CENOZOIC_QUATERNARY.csv,
BãRzsãNy Mountains,48.023441242923504,18.87413413596705,3,1,13.5,GEOROC intraplate compilation,,,GEOROC:reduced_2026-06-RZZ9VM_CARPATHIAN_BELT_AND_PANNONIAN_BASIN.csv,
Caiyuanzi Basalt,39.74000000000002,122.55000000000001,6,1,36.3,GEOROC intraplate compilation,,,GEOROC:reduced_2026-06-RZZ9VM_CENTRAL_ASIAN_FOLDBELT_CENOZOIC_QUATERNARY_part1.csv,
Calatrava Volcanic Province,39.00000000000002,-4.000000000000002,1,1,15.0,GEOROC intraplate compilation,,,GEOROC:reduced_2026-06-RZZ9VM_EUROPEAN_OROGENIC_BELT_CENOZOIC_QUATERNARY.csv,
Calimani-Gurghiu Harghita Mountains,46.723556863723694,25.363490848618433,113,3,7.319115044247787,GEOROC intraplate compilation,,,GEOROC:reduced_2026-06-RZZ9VM_CARPATHIAN_BELT_AND_PANNONIAN_BASIN.csv,
Cantal,44.427364082636444,3.0645456190020806,96,1,4.2,GEOROC intraplate compilation,,,GEOROC:reduced_2026-06-RZZ9VM_EUROPEAN_OROGENIC_BELT_CENOZOIC_QUATERNARY.csv,
Carpenter Ridge Tuff,37.49999999999999,-105.99999999999999,9,1,27.6,GEOROC intraplate compilation,,,GEOROC:reduced_2026-06-RZZ9VM_NORTH_AMERICAN_CORDILLERA_CENOZOIC_QUATERNARY.csv,
Central Anatolian Volcanic Belt,38.17000000000002,32.50000000000004,41,1,3.3499999999999996,GEOROC intraplate compilation,,,GEOROC:reduced_2026-06-RZZ9VM_ANATOLIA-IRAN_BELT_part2.csv,
Central Iran,33.500000000000014,55.00000000000001,16,1,48.0,GEOROC intraplate compilation,,,GEOROC:reduced_2026-06-RZZ9VM_ANATOLIA-IRAN_BELT_part1.csv,
Ceske Stredohori Volcanic Complex,49.1275340132231,17.29759961117505,3,1,20.0,GEOROC intraplate compilation,,,GEOROC:reduced_2026-06-RZZ9VM_CARPATHIAN_BELT_AND_PANNONIAN_BASIN.csv,
Chaine Des Puys,45.564909193774554,2.9239524926459253,169,1,0.20000000000000004,GEOROC intraplate compilation,,,GEOROC:reduced_2026-06-RZZ9VM_EUROPEAN_OROGENIC_BELT_CENOZOIC_QUATERNARY.csv,
Chudleigh Province,-19.499999999999996,144.3,3,1,0.01,GEOROC intraplate compilation,,,GEOROC:reduced_2026-06-RZZ9VM_AUSTRALIA.csv,
Chuloot (Chuluut) Formation,48.22366001261145,100.43907981513082,5,1,0.6,GEOROC intraplate compilation,,,GEOROC:reduced_2026-06-RZZ9VM_CENTRAL_ASIAN_FOLDBELT_CENOZOIC_QUATERNARY_part1.csv,
Collosus Kimberlite,-19.718,28.792000000000005,1,1,86.0,GEOROC intraplate compilation,,,GEOROC:reduced_2026-06-RZZ9VM_ZIMBABWE_CRATON.csv,
Crowsnest Formation,49.53257321531721,-114.55770774747012,23,1,100.0,GEOROC intraplate compilation,,,GEOROC:reduced_2026-06-RZZ9VM_NORTH_AMERICAN_CORDILLERA_MESOZOIC.csv,
Cukurviran Dacites,40.5,32.599999999999994,14,1,17.8,GEOROC intraplate compilation,,,GEOROC:reduced_2026-06-RZZ9VM_ANATOLIA-IRAN_BELT_part2.csv,
Damavand Young Cone,35.95100000000003,52.109000000000016,25,1,0.007000000000000001,GEOROC intraplate compilation,,,GEOROC:reduced_2026-06-RZZ9VM_ANATOLIA-IRAN_BELT_part1.csv,
Dashan,37.97769209812899,117.66449836093287,7,1,0.3,GEOROC intraplate compilation,,,GEOROC:reduced_2026-06-RZZ9VM_CENTRAL_ASIAN_FOLDBELT_CENOZOIC_QUATERNARY_part2.csv,
Deves Volcanic Field,45.14252715979318,3.8770172038616684,4,1,1.0,GEOROC intraplate compilation,,,GEOROC:reduced_2026-06-RZZ9VM_EUROPEAN_OROGENIC_BELT_CENOZOIC_QUATERNARY.csv,
Diavik Kimberlite,64.00000000000003,-110.0,1,1,55.0,GEOROC intraplate compilation,,,GEOROC:reduced_2026-06-RZZ9VM_CANADIAN_SHIELD.csv,
Dongba Basalt,41.37929999999999,111.7296,4,1,21.9,GEOROC intraplate compilation,,,GEOROC:reduced_2026-06-RZZ9VM_CENTRAL_ASIAN_FOLDBELT_CENOZOIC_QUATERNARY_part2.csv,
Drachenfels,49.41002425346578,8.12501527773387,2,1,37.5,GEOROC intraplate compilation,,,GEOROC:reduced_2026-06-RZZ9VM_EUROPEAN_OROGENIC_BELT_CENOZOIC_QUATERNARY.csv,
Dubbo Volcanic Province,-32.0333,148.5,4,1,12.0,GEOROC intraplate compilation,,,GEOROC:reduced_2026-06-RZZ9VM_AUSTRALIA.csv,
Dumlu Formation,40.09811246320462,41.510293418657085,9,1,1.5,GEOROC intraplate compilation,,,GEOROC:reduced_2026-06-RZZ9VM_ANATOLIA-IRAN_BELT_part1.csv,
Dzarta-Kuduk Paleovolcano,48.00000000000001,110.0,2,1,211.0,GEOROC intraplate compilation,,,GEOROC:reduced_2026-06-RZZ9VM_CENTRAL_ASIAN_FOLDBELT_PALEOZOIC_part2.csv,
Dzhida River Unit,50.00000000000001,103.0,11,1,0.6,GEOROC intraplate compilation,,,GEOROC:reduced_2026-06-RZZ9VM_CENTRAL_ASIAN_FOLDBELT_CENOZOIC_QUATERNARY_part2.csv,
Dzhida Volcanic,50.70000000000002,102.80000000000001,1,1,1.3,GEOROC intraplate compilation,,,GEOROC:reduced_2026-06-RZZ9VM_CENTRAL_ASIAN_FOLDBELT_CENOZOIC_QUATERNARY_part2.csv,
Eifel,50.10772204238033,6.504596996408727,16,2,5.3375,GEOROC intraplate compilation,,,GEOROC:reduced_2026-06-RZZ9VM_EUROPEAN_OROGENIC_BELT_CENOZOIC_QUATERNARY.csv,
Elliston Kimberlite Province - Mount Hope Kimberli,-33.785500000000006,135.341,2,1,191.0,GEOROC intraplate compilation,,,GEOROC:reduced_2026-06-RZZ9VM_AUSTRALIA.csv,
Estonia,59.10494484205373,24.236416893778294,5,3,0.0076,GEOROC intraplate compilation,,,GEOROC:reduced_2026-06-RZZ9VM_EAST_EUROPEAN_CRATON.csv,
Euroa Mafic Volcanics,-36.7583874996114,145.63794735571952,11,1,5.0,GEOROC intraplate compilation,,,GEOROC:reduced_2026-06-RZZ9VM_AUSTRALIA.csv,
"Fangshan (31.1, 118.6)",31.120000000000005,118.57000000000001,9,1,8.6,GEOROC intraplate compilation,,,GEOROC:reduced_2026-06-RZZ9VM_CENTRAL_ASIAN_FOLDBELT_CENOZOIC_QUATERNARY_part1.csv,
"Fangshan (39.2, 113.3)",39.179999999999986,113.27,18,1,24.3,GEOROC intraplate compilation,,,GEOROC:reduced_2026-06-RZZ9VM_CENTRAL_ASIAN_FOLDBELT_CENOZOIC_QUATERNARY_part1.csv,
Finsch Kimberlite,-28.384999999999998,23.445,5,1,118.0,GEOROC intraplate compilation,,,GEOROC:reduced_2026-06-RZZ9VM_KAAPVAAL_CRATON.csv,
Fish Canyon Magmatic System - Pagosa Peak Dacite,37.36879136024761,-106.5674341998122,8,1,28.0,GEOROC intraplate compilation,,,GEOROC:reduced_2026-06-RZZ9VM_NORTH_AMERICAN_CORDILLERA_CENOZOIC_QUATERNARY.csv,
Fort Selkirk Tephra,62.75,-137.5,6,1,1.0,GEOROC intraplate compilation,,,GEOROC:reduced_2026-06-RZZ9VM_NORTH_AMERICAN_CORDILLERA_CENOZOIC_QUATERNARY.csv,
Fox Kimberlite,64.69622996111848,-110.59150775485548,50,1,45.0,GEOROC intraplate compilation,,,GEOROC:reduced_2026-06-RZZ9VM_CANADIAN_SHIELD.csv,
Francois Lake Group - Buck Creek Formation,54.39330649946275,-126.5062382448034,5,1,50.0,GEOROC intraplate compilation,,,GEOROC:reduced_2026-06-RZZ9VM_NORTH_AMERICAN_CORDILLERA_CENOZOIC_QUATERNARY.csv,
Francois Lake Group - Swans Lake Volcanic Suite,54.43349205980363,-126.31214267818876,10,1,50.0,GEOROC intraplate compilation,,,GEOROC:reduced_2026-06-RZZ9VM_NORTH_AMERICAN_CORDILLERA_CENOZOIC_QUATERNARY.csv,
Frank Smith Kimberlite,-28.280677734880445,24.47612563093925,3,1,114.0,GEOROC intraplate compilation,,,GEOROC:reduced_2026-06-RZZ9VM_KAAPVAAL_CRATON.csv,
Freemans Cove Complex,75.1,-98.17,11,1,56.3,GEOROC intraplate compilation,,,GEOROC:reduced_2026-06-RZZ9VM_NORTH_AMERICAN_CORDILLERA_CENOZOIC_QUATERNARY.csv,
Fujian Province,25.221137624212187,118.94817470320814,19,5,80.0,GEOROC intraplate compilation,,,GEOROC:reduced_2026-06- RZZ9VM_CENTRAL_ASIAN_FOLDBELT_-_MESOZOIC_part3.csv,
Fuxin Formation,42.04,119.29000000000003,9,1,100.0,GEOROC intraplate compilation,,,GEOROC:reduced_2026-06- RZZ9VM_CENTRAL_ASIAN_FOLDBELT_-_MESOZOIC_part3.csv,
Fuyanshan,36.63956193337882,118.95974214124332,12,1,10.3,GEOROC intraplate compilation,,,GEOROC:reduced_2026-06-RZZ9VM_CENTRAL_ASIAN_FOLDBELT_CENOZOIC_QUATERNARY_part2.csv,
Galatean Volcanic Massif,39.72704191261462,31.236433805789535,29,1,25.0,GEOROC intraplate compilation,,,GEOROC:reduced_2026-06-RZZ9VM_ANATOLIA-IRAN_BELT_part2.csv,
Georgia Kimberlite,73.00000000000001,-93.0,1,1,105.0,GEOROC intraplate compilation,,,GEOROC:reduced_2026-06-RZZ9VM_CANADIAN_SHIELD.csv,
Gippsland Basin - Freestone Creek Area,-37.6,147.15999999999997,3,1,187.69999999999996,GEOROC intraplate compilation,,,GEOROC:reduced_2026-06-RZZ9VM_AUSTRALIA.csv,
Goosly Lake Formation,54.1484687748889,-126.07241999537176,7,2,50.0,GEOROC intraplate compilation,,,GEOROC:reduced_2026-06-RZZ9VM_NORTH_AMERICAN_CORDILLERA_CENOZOIC_QUATERNARY.csv,
Grabben Gullen Province,-34.55718054427158,149.47137732844797,7,1,14.0,GEOROC intraplate compilation,,,GEOROC:reduced_2026-06-RZZ9VM_AUSTRALIA.csv,
Grad Volcanic Field,46.988574845674904,15.988556776013926,14,1,3.0,GEOROC intraplate compilation,,,GEOROC:reduced_2026-06-RZZ9VM_CARPATHIAN_BELT_AND_PANNONIAN_BASIN.csv,
Grande Cascade Sequence,45.34757511909687,2.488694832417215,67,1,0.2,GEOROC intraplate compilation,,,GEOROC:reduced_2026-06-RZZ9VM_EUROPEAN_OROGENIC_BELT_CENOZOIC_QUATERNARY.csv,
Guangdong Province,23.955006943743598,113.85521911068533,31,3,89.16129032258064,GEOROC intraplate compilation,,,GEOROC:reduced_2026-06-RZZ9VM_CENTRAL_ASIAN_FOLDBELT_CENOZOIC_QUATERNARY_part1.csv,
Guanmenshan Complex,41.133,124.1388,10,1,123.0,GEOROC intraplate compilation,,,GEOROC:reduced_2026-06-RZZ9VM_CENTRAL_ASIAN_FOLDBELT_MESOZOIC_part2.csv,
Guantou Formation,29.531288743338255,121.246804672095,17,1,101.0,GEOROC intraplate compilation,,,GEOROC:reduced_2026-06- RZZ9VM_CENTRAL_ASIAN_FOLDBELT_-_MESOZOIC_part3.csv,
Gutai Mountains,47.70000000000002,23.870000000000008,8,1,8.0,GEOROC intraplate compilation,,,GEOROC:reduced_2026-06-RZZ9VM_CARPATHIAN_BELT_AND_PANNONIAN_BASIN.csv,
Gyeongsang Basin,35.00000000000001,127.67000000000002,3,1,73.1,GEOROC intraplate compilation,,,GEOROC:reduced_2026-06-RZZ9VM_CENTRAL_ASIAN_FOLDBELT_PALEOZOIC_part2.csv,
Hannuoba Basalt,40.8000951396364,114.67142861938596,7,1,22.8,GEOROC intraplate compilation,,,GEOROC:reduced_2026-06-RZZ9VM_CENTRAL_ASIAN_FOLDBELT_CENOZOIC_QUATERNARY_part1.csv,
Harmancik Tepe Flow,40.39000000000002,39.67000000000002,13,1,48.0,GEOROC intraplate compilation,,,GEOROC:reduced_2026-06-RZZ9VM_ANATOLIA-IRAN_BELT_part2.csv,
Harrat Al Uwayrid,27.079999999999995,37.25000000000001,6,1,2.7000000000000006,GEOROC intraplate compilation,,,GEOROC:reduced_2026-06-RZZ9VM_ARABIAN-NUBIAN_SHIELD.csv,
Harrat Ash Shaam (Shamah) Volcanic Field,32.37979075028771,35.1384154109495,64,2,3.82809375,GEOROC intraplate compilation,,,GEOROC:reduced_2026-06-RZZ9VM_ARABIAN-NUBIAN_SHIELD.csv,
Harrat El Fahda,32.000007353242275,37.02499999524034,12,1,0.0,GEOROC intraplate compilation,,,GEOROC:reduced_2026-06-RZZ9VM_ARABIAN-NUBIAN_SHIELD.csv,
Harrat Lunayyir,25.17,37.75,2,1,0.18,GEOROC intraplate compilation,,,GEOROC:reduced_2026-06-RZZ9VM_ARABIAN-NUBIAN_SHIELD.csv,
Hasandag,38.12999999999998,34.18000000000002,47,1,0.006000000000000001,GEOROC intraplate compilation,,,GEOROC:reduced_2026-06-RZZ9VM_ANATOLIA-IRAN_BELT_part1.csv,
Hebei Province,39.2067914748508,114.78776689964768,28,3,127.0,GEOROC intraplate compilation,,,GEOROC:reduced_2026-06-RZZ9VM_CENTRAL_ASIAN_FOLDBELT_CENOZOIC_QUATERNARY_part1.csv,
Hegau,47.83959321499948,8.694147960764859,19,1,11.0,GEOROC intraplate compilation,,,GEOROC:reduced_2026-06-RZZ9VM_EUROPEAN_OROGENIC_BELT_CENOZOIC_QUATERNARY.csv,
"Heilongjiang Province (46.8, 134.0)",46.780000000000015,134.0,12,1,11.800000000000002,GEOROC intraplate compilation,,,GEOROC:reduced_2026-06- RZZ9VM_CENTRAL_ASIAN_FOLDBELT_-_MESOZOIC_part3.csv,
"Heilongjiang Province (45.4, 127.7)",45.35049451081588,127.71782668190596,19,1,180.0,GEOROC intraplate compilation,,,GEOROC:reduced_2026-06- RZZ9VM_CENTRAL_ASIAN_FOLDBELT_-_MESOZOIC_part3.csv,
"Heilongjiang Province (40.0, 113.5)",40.00000000000001,113.5,1,1,8.5,GEOROC intraplate compilation,,,GEOROC:reduced_2026-06-RZZ9VM_CENTRAL_ASIAN_FOLDBELT_CENOZOIC_QUATERNARY_part2.csv,
"Heilongjiang Province (44.2, 126.2)",44.22759860361088,126.18635699400802,3,1,113.0,GEOROC intraplate compilation,,,GEOROC:reduced_2026-06- RZZ9VM_CENTRAL_ASIAN_FOLDBELT_-_MESOZOIC_part3.csv,
"Heilongjiang Province (46.0, 121.9)",45.9516004937664,121.93778747785366,4,1,113.0,GEOROC intraplate compilation,,,GEOROC:reduced_2026-06- RZZ9VM_CENTRAL_ASIAN_FOLDBELT_-_MESOZOIC_part3.csv,
"Heilongjiang Province (47.3, 122.8)",47.26710954945808,122.8270259238003,2,1,113.0,GEOROC intraplate compilation,,,GEOROC:reduced_2026-06- RZZ9VM_CENTRAL_ASIAN_FOLDBELT_-_MESOZOIC_part3.csv,
"Heilongjiang Province (45.1, 128.5)",45.0764,128.5,3,1,200.0,GEOROC intraplate compilation,,,GEOROC:reduced_2026-06-RZZ9VM_CENTRAL_ASIAN_FOLDBELT_MESOZOIC_part1.csv,
Heldburg Region,50.15046097678005,10.358192604291661,4,1,17.0,GEOROC intraplate compilation,,,GEOROC:reduced_2026-06-RZZ9VM_EUROPEAN_OROGENIC_BELT_CENOZOIC_QUATERNARY.csv,
Herod Formation,32.924837870563636,35.541128236024406,56,1,9.0,GEOROC intraplate compilation,,,GEOROC:reduced_2026-06-RZZ9VM_ARABIAN-NUBIAN_SHIELD.csv,
Hessian Depression,50.900062262812305,9.425303022937312,51,1,15.0,GEOROC intraplate compilation,,,GEOROC:reduced_2026-06-RZZ9VM_EUROPEAN_OROGENIC_BELT_CENOZOIC_QUATERNARY.csv,
Hopi Buttes Volcanic Field,35.39999999999999,-110.1,9,1,5.0,GEOROC intraplate compilation,,,GEOROC:reduced_2026-06-RZZ9VM_COLORADO_PLATEAU.csv,
Horasan Formation,40.010721090567635,41.90063160817594,9,1,1.5,GEOROC intraplate compilation,,,GEOROC:reduced_2026-06-RZZ9VM_ANATOLIA-IRAN_BELT_part1.csv,
Houshihushan Ring Complex,39.99999999999999,119.69999999999999,6,1,117.0,GEOROC intraplate compilation,,,GEOROC:reduced_2026-06- RZZ9VM_CENTRAL_ASIAN_FOLDBELT_-_MESOZOIC_part3.csv,
Huajiying Formation,40.900000000000006,116.2,14,1,128.5,GEOROC intraplate compilation,,,GEOROC:reduced_2026-06- RZZ9VM_CENTRAL_ASIAN_FOLDBELT_-_MESOZOIC_part3.csv,
"Hunan Province (35.0, 102.0)",35.0,102.0,2,1,242.0,GEOROC intraplate compilation,,,GEOROC:reduced_2026-06-RZZ9VM_CENTRAL_ASIAN_FOLDBELT_MESOZOIC_part1.csv,
"Hunan Province (28.4, 113.4)",28.411969950697387,113.44816109574614,25,1,83.0,GEOROC intraplate compilation,,,GEOROC:reduced_2026-06- RZZ9VM_CENTRAL_ASIAN_FOLDBELT_-_MESOZOIC_part3.csv,
"Hunan Province (24.8, 115.4)",24.769481075848155,115.37264515237328,42,1,172.0,GEOROC intraplate compilation,,,GEOROC:reduced_2026-06- RZZ9VM_CENTRAL_ASIAN_FOLDBELT_-_MESOZOIC_part3.csv,
"Hunan Province (24.9, 111.0)",24.880000000000006,110.95999999999998,6,1,172.0,GEOROC intraplate compilation,,,GEOROC:reduced_2026-06- RZZ9VM_CENTRAL_ASIAN_FOLDBELT_-_MESOZOIC_part3.csv,
"Hunan Province (25.5, 113.6)",25.530000000000005,113.64999999999999,12,1,178.0,GEOROC intraplate compilation,,,GEOROC:reduced_2026-06- RZZ9VM_CENTRAL_ASIAN_FOLDBELT_-_MESOZOIC_part3.csv,
"Hunan Province (26.8, 114.6)",26.8,114.56,5,1,168.0,GEOROC intraplate compilation,,,GEOROC:reduced_2026-06- RZZ9VM_CENTRAL_ASIAN_FOLDBELT_-_MESOZOIC_part3.csv,
"Hunan Province (27.1, 114.9)",27.120000000000005,114.88000000000001,8,1,90.0,GEOROC intraplate compilation,,,GEOROC:reduced_2026-06- RZZ9VM_CENTRAL_ASIAN_FOLDBELT_-_MESOZOIC_part3.csv,
Huziyan Basalt,25.5427374722132,111.7455453559173,56,1,175.0,GEOROC intraplate compilation,,,GEOROC:reduced_2026-06- RZZ9VM_CENTRAL_ASIAN_FOLDBELT_-_MESOZOIC_part3.csv,
Incekaya,38.60628487114465,42.36437464421143,93,1,0.0,GEOROC intraplate compilation,,,GEOROC:reduced_2026-06-RZZ9VM_ANATOLIA-IRAN_BELT_part1.csv,
"Inner Mongolia (44.5, 117.7)",44.529999999999994,117.67,9,1,12.6,GEOROC intraplate compilation,,,GEOROC:reduced_2026-06- RZZ9VM_CENTRAL_ASIAN_FOLDBELT_-_MESOZOIC_part3.csv,
"Inner Mongolia (43.5, 118.0)",43.52000000000002,118.00000000000001,14,1,13.5,GEOROC intraplate compilation,,,GEOROC:reduced_2026-06-RZZ9VM_CENTRAL_ASIAN_FOLDBELT_PALEOZOIC_part2.csv,
"Inner Mongolia (44.0, 119.2)",43.980000000000004,119.18000000000002,16,1,14.0,GEOROC intraplate compilation,,,GEOROC:reduced_2026-06- RZZ9VM_CENTRAL_ASIAN_FOLDBELT_-_MESOZOIC_part3.csv,
"Inner Mongolia (50.5, 120.3)",50.48426071375927,120.27828244184387,53,4,92.55849056603775,GEOROC intraplate compilation,,,GEOROC:reduced_2026-06- RZZ9VM_CENTRAL_ASIAN_FOLDBELT_-_MESOZOIC_part3.csv,
"Inner Mongolia (45.0, 120.0)",45.000000000000014,119.99999999999999,13,1,135.0,GEOROC intraplate compilation,,,GEOROC:reduced_2026-06- RZZ9VM_CENTRAL_ASIAN_FOLDBELT_-_MESOZOIC_part3.csv,
"Inner Mongolia (45.6, 116.8)",45.55,116.83000000000001,25,1,30.0,GEOROC intraplate compilation,,,GEOROC:reduced_2026-06-RZZ9VM_CENTRAL_ASIAN_FOLDBELT_PALEOZOIC_part2.csv,
"Inner Mongolia (42.0, 117.0)",42.00000000000002,117.0,19,1,6.1,GEOROC intraplate compilation,,,GEOROC:reduced_2026-06-RZZ9VM_CENTRAL_ASIAN_FOLDBELT_CENOZOIC_QUATERNARY_part1.csv,
"Inner Mongolia (44.6, 121.0)",44.62,120.97000000000003,3,1,13.0,GEOROC intraplate compilation,,,GEOROC:reduced_2026-06- RZZ9VM_CENTRAL_ASIAN_FOLDBELT_-_MESOZOIC_part3.csv,
Jagersfontein Kimberlite,-29.763900000000014,25.419399999999996,6,1,86.0,GEOROC intraplate compilation,,,GEOROC:reduced_2026-06-RZZ9VM_KAAPVAAL_CRATON.csv,
Jeju Island,33.382475946169215,126.56243147696598,147,2,0.0,GEOROC intraplate compilation,,,GEOROC:reduced_2026-06-RZZ9VM_CENTRAL_ASIAN_FOLDBELT_CENOZOIC_QUATERNARY_part2.csv,
Jeongok Basalt,38.04876278898068,127.15041022911258,6,2,0.15,GEOROC intraplate compilation,,,GEOROC:reduced_2026-06-RZZ9VM_CENTRAL_ASIAN_FOLDBELT_CENOZOIC_QUATERNARY_part2.csv,
Jericho Kimberlite,65.99749375576776,-117.48063749281292,16,1,173.0,GEOROC intraplate compilation,,,GEOROC:reduced_2026-06-RZZ9VM_CANADIAN_SHIELD.csv,
Jerrabattgulla Creek Basalt,-35.85359182530205,149.47454568825623,23,1,19.0,GEOROC intraplate compilation,,,GEOROC:reduced_2026-06-RZZ9VM_AUSTRALIA.csv,
Jiagou Intrusion,33.8783,117.015,7,1,130.0,GEOROC intraplate compilation,,,GEOROC:reduced_2026-06- RZZ9VM_CENTRAL_ASIAN_FOLDBELT_-_MESOZOIC_part3.csv,
Jiangsu Province,32.828731018780694,119.0,7,2,12.357142857142858,GEOROC intraplate compilation,,,GEOROC:reduced_2026-06-RZZ9VM_CENTRAL_ASIAN_FOLDBELT_CENOZOIC_QUATERNARY_part2.csv,
Jiangxi Province,29.669999999999998,115.65999999999998,8,1,90.6,GEOROC intraplate compilation,,,GEOROC:reduced_2026-06-RZZ9VM_CENTRAL_ASIAN_FOLDBELT_MESOZOIC_part2.csv,
Jilin Province,42.81334074862056,129.23558608751645,89,2,78.13707865168539,GEOROC intraplate compilation,,,GEOROC:reduced_2026-06-RZZ9VM_CENTRAL_ASIAN_FOLDBELT_CENOZOIC_QUATERNARY_part1.csv,
Jingbohu,44.2579416313643,128.557661858119,10,1,0.0003,GEOROC intraplate compilation,,,GEOROC:reduced_2026-06-RZZ9VM_CENTRAL_ASIAN_FOLDBELT_CENOZOIC_QUATERNARY_part2.csv,
Jones Creek Formation,60.11890428367389,-135.37466046681988,40,1,55.4,GEOROC intraplate compilation,,,GEOROC:reduced_2026-06-RZZ9VM_NORTH_AMERICAN_CORDILLERA_CENOZOIC_QUATERNARY.csv,
Kaiserstuhl Volcanic Complex,48.11842160238305,7.728899742003623,12,2,16.083333333333332,GEOROC intraplate compilation,,,GEOROC:reduced_2026-06-RZZ9VM_EUROPEAN_OROGENIC_BELT_CENOZOIC_QUATERNARY.csv,
Kandos Group,-32.0,147.00000000000003,15,1,45.0,GEOROC intraplate compilation,,,GEOROC:reduced_2026-06-RZZ9VM_AUSTRALIA.csv,
Karaca(Li)Dag,37.01286036420617,39.01660168935824,144,2,0.9871111111111112,GEOROC intraplate compilation,,,GEOROC:reduced_2026-06-RZZ9VM_ANATOLIA-IRAN_BELT_part2.csv,
Khambin Volcanic Field,51.19700846334594,106.46334053379265,60,1,156.0,GEOROC intraplate compilation,,,GEOROC:reduced_2026-06- RZZ9VM_CENTRAL_ASIAN_FOLDBELT_-_MESOZOIC_part3.csv,
Khangai Orogen,43.89332955873262,102.18613678009959,3,2,33.0,GEOROC intraplate compilation,,,GEOROC:reduced_2026-06-RZZ9VM_CENTRAL_ASIAN_FOLDBELT_CENOZOIC_QUATERNARY_part2.csv,
Kodomali Kimberlite,20.1883,82.24169999999998,4,1,65.0,GEOROC intraplate compilation,,,GEOROC:reduced_2026-06-RZZ9VM_BASTAR_CRATON.csv,
Kostal Lake,52.14750071770271,-119.94248863417069,4,1,0.003875,GEOROC intraplate compilation,,,GEOROC:reduced_2026-06-RZZ9VM_NORTH_AMERICAN_CORDILLERA_CENOZOIC_QUATERNARY.csv,
Kovdor Massif,67.5667,30.48329999999999,4,1,0.38,GEOROC intraplate compilation,,,GEOROC:reduced_2026-06-RZZ9VM_BALTIC_SHIELD.csv,
Kuandian Volcanic Field-Huangyishan,40.730000000000004,124.77999999999997,9,1,0.274,GEOROC intraplate compilation,,,GEOROC:reduced_2026-06-RZZ9VM_CENTRAL_ASIAN_FOLDBELT_CENOZOIC_QUATERNARY_part1.csv,
Kula Volcanic Field,38.2429182743925,27.867609849389602,17,2,1.6441176470588235,GEOROC intraplate compilation,,,GEOROC:reduced_2026-06-RZZ9VM_ANATOLIA-IRAN_BELT_part1.csv,
KãMrãTlã Pumice,39.06640050732498,43.00911859212577,2,1,0.0,GEOROC intraplate compilation,,,GEOROC:reduced_2026-06-RZZ9VM_ANATOLIA-IRAN_BELT_part2.csv,
La Garrotxa - Olot Volcanic District,42.105946489526836,2.4707483735395783,49,2,0.1,GEOROC intraplate compilation,,,GEOROC:reduced_2026-06-RZZ9VM_EUROPEAN_OROGENIC_BELT_CENOZOIC_QUATERNARY.csv,
Lace Kimberlite,-27.456,27.11799999999999,3,1,133.0,GEOROC intraplate compilation,,,GEOROC:reduced_2026-06-RZZ9VM_KAAPVAAL_CRATON.csv,
Languedoc Volcanic Domain,43.55829649606235,3.3948850107403907,23,2,1.1478260869565218,GEOROC intraplate compilation,,,GEOROC:reduced_2026-06-RZZ9VM_EUROPEAN_OROGENIC_BELT_CENOZOIC_QUATERNARY.csv,
Laoheishan,37.8694600194302,120.6627918168344,16,1,0.3,GEOROC intraplate compilation,,,GEOROC:reduced_2026-06-RZZ9VM_CENTRAL_ASIAN_FOLDBELT_CENOZOIC_QUATERNARY_part1.csv,
Laohutai Basalt,41.875394322107844,123.95354919439079,15,1,60.0,GEOROC intraplate compilation,,,GEOROC:reduced_2026-06-RZZ9VM_CENTRAL_ASIAN_FOLDBELT_CENOZOIC_QUATERNARY_part2.csv,
Las Cabras Formation,-32.96000025505537,-69.2140009051736,15,1,240.0,GEOROC intraplate compilation,,,GEOROC:reduced_2026-06-RZZ9VM_ANDEAN_BASINS.csv,
Lassie Lake,49.74013943999013,-118.34948064121842,2,1,3.65,GEOROC intraplate compilation,,,GEOROC:reduced_2026-06-RZZ9VM_NORTH_AMERICAN_CORDILLERA_CENOZOIC_QUATERNARY.csv,
Letseng Kimberlite,-28.99759355677206,28.75954688174672,3,1,90.0,GEOROC intraplate compilation,,,GEOROC:reduced_2026-06-RZZ9VM_KAAPVAAL_CRATON.csv,
Leucite Hills,41.74462424859356,-108.989529045617,89,2,1.0,GEOROC intraplate compilation,,,GEOROC:reduced_2026-06-RZZ9VM_WYOMING_CRATON.csv,
Liaoning Province,39.76039534953112,121.96634813619548,31,4,186.80645161290323,GEOROC intraplate compilation,,,GEOROC:reduced_2026-06- RZZ9VM_CENTRAL_ASIAN_FOLDBELT_-_MESOZOIC_part3.csv,
Lijiang Volcanic Field,26.813430027112116,100.62536940540095,3,1,24.0,GEOROC intraplate compilation,,,GEOROC:reduced_2026-06-RZZ9VM_CENTRAL_ASIAN_FOLDBELT_CENOZOIC_QUATERNARY_part2.csv,
Linzhi,29.58500037467492,94.58999851367888,2,1,13.35,GEOROC intraplate compilation,,,GEOROC:reduced_2026-06-RZZ9VM_CENTRAL_ASIAN_FOLDBELT_CENOZOIC_QUATERNARY_part2.csv,
Linzizong Volcanic Succession - Pana Formation,29.89762780200554,91.15014216676273,140,1,47.1,GEOROC intraplate compilation,,,GEOROC:reduced_2026-06-RZZ9VM_CENTRAL_ASIAN_FOLDBELT_CENOZOIC_QUATERNARY_part1.csv,
Liuhe Volcanic Field,26.293601031259904,100.31723164349647,2,1,24.0,GEOROC intraplate compilation,,,GEOROC:reduced_2026-06-RZZ9VM_CENTRAL_ASIAN_FOLDBELT_CENOZOIC_QUATERNARY_part2.csv,
Liushan,36.33916897714527,118.9081023664548,32,1,10.3,GEOROC intraplate compilation,,,GEOROC:reduced_2026-06-RZZ9VM_CENTRAL_ASIAN_FOLDBELT_CENOZOIC_QUATERNARY_part2.csv,
Longchang Lamprophyre,23.83,108.23000000000002,7,1,89.0,GEOROC intraplate compilation,,,GEOROC:reduced_2026-06- RZZ9VM_CENTRAL_ASIAN_FOLDBELT_-_MESOZOIC_part3.csv,
Longgang Volcanic Field,42.300000000000004,126.30000000000001,5,1,0.0003,GEOROC intraplate compilation,,,GEOROC:reduced_2026-06-RZZ9VM_CENTRAL_ASIAN_FOLDBELT_CENOZOIC_QUATERNARY_part2.csv,
Longgang Volcanic Field - Sihailongwan Maar,42.2366446050199,126.7720047896853,83,1,0.0009399999999999999,GEOROC intraplate compilation,,,GEOROC:reduced_2026-06-RZZ9VM_CENTRAL_ASIAN_FOLDBELT_CENOZOIC_QUATERNARY_part1.csv,
Lori Province,41.06069141930379,44.40027046649472,33,1,2.5,GEOROC intraplate compilation,,,GEOROC:reduced_2026-06-RZZ9VM_ANATOLIA-IRAN_BELT_part2.csv,
Macedon-Trentham Province,-37.344472765970764,144.5854208026877,6,1,5.0,GEOROC intraplate compilation,,,GEOROC:reduced_2026-06-RZZ9VM_AUSTRALIA.csv,
Mahakoshal Supracrustal Belt,24.5,83.0,16,1,55.0,GEOROC intraplate compilation,,,GEOROC:reduced_2026-06-RZZ9VM_BASTAR_CRATON.csv,
Malo-Khamardaban Volcanic Suite,50.99999999999999,105.00000000000001,11,1,150.0,GEOROC intraplate compilation,,,GEOROC:reduced_2026-06- RZZ9VM_CENTRAL_ASIAN_FOLDBELT_-_MESOZOIC_part3.csv,
Malogong Sill,-26.78,21.530000000000005,1,1,88.0,GEOROC intraplate compilation,,,GEOROC:reduced_2026-06-RZZ9VM_KAAPVAAL_CRATON.csv,
Marifil,-42.02375200572934,-66.60025634256928,41,3,175.6829268292683,GEOROC intraplate compilation,,,GEOROC:reduced_2026-06-RZZ9VM_ANTARCTICA_PATAGONIA.csv,
Mathews Tuya,59.37000000000001,-130.58,8,1,0.73,GEOROC intraplate compilation,,,GEOROC:reduced_2026-06-RZZ9VM_NORTH_AMERICAN_CORDILLERA_CENOZOIC_QUATERNARY.csv,
Mayum Alkaline Complex,30.650000000000002,82.69999999999999,3,1,53.0,GEOROC intraplate compilation,,,GEOROC:reduced_2026-06-RZZ9VM_CENTRAL_ASIAN_FOLDBELT_CENOZOIC_QUATERNARY_part1.csv,
Mcbride Province - Kinrara Basalt,-18.000160294687543,144.25,4,1,0.105,GEOROC intraplate compilation,,,GEOROC:reduced_2026-06-RZZ9VM_AUSTRALIA.csv,
Mclean Field,-15.80000000000001,144.80000000000004,6,1,4.85,GEOROC intraplate compilation,,,GEOROC:reduced_2026-06-RZZ9VM_AUSTRALIA.csv,
Mienhuayu (Mienhwayui),25.480000000000008,122.10000000000001,15,1,0.0,GEOROC intraplate compilation,,,GEOROC:reduced_2026-06-RZZ9VM_CENTRAL_ASIAN_FOLDBELT_CENOZOIC_QUATERNARY_part2.csv,
Mingxi,26.380000000000003,117.12000000000002,4,1,1.4,GEOROC intraplate compilation,,,GEOROC:reduced_2026-06-RZZ9VM_CENTRAL_ASIAN_FOLDBELT_CENOZOIC_QUATERNARY_part1.csv,
Monaro Volcanic Province,-35.441567402755446,148.1155814938106,22,2,45.0,GEOROC intraplate compilation,,,GEOROC:reduced_2026-06-RZZ9VM_AUSTRALIA.csv,
Monastery Kimberlite,-28.810833,27.421950000000006,4,1,90.0,GEOROC intraplate compilation,,,GEOROC:reduced_2026-06-RZZ9VM_KAAPVAAL_CRATON.csv,
Mount Noel Volcanic Complex,51.0661822077989,-122.89055735204161,50,1,19.6,GEOROC intraplate compilation,,,GEOROC:reduced_2026-06-RZZ9VM_NORTH_AMERICAN_CORDILLERA_CENOZOIC_QUATERNARY.csv,
Mount Saphita,34.866666196575075,35.99999999999999,3,1,4.8,GEOROC intraplate compilation,,,GEOROC:reduced_2026-06-RZZ9VM_ARABIAN-NUBIAN_SHIELD.csv,
Murun Massif,58.66666619657506,124.49999999999999,3,1,133.0,GEOROC intraplate compilation,,,GEOROC:reduced_2026-06- RZZ9VM_CENTRAL_ASIAN_FOLDBELT_-_MESOZOIC_part3.csv,
Nanmu,29.586725378450524,90.54504875684262,10,1,10.0,GEOROC intraplate compilation,,,GEOROC:reduced_2026-06-RZZ9VM_CENTRAL_ASIAN_FOLDBELT_CENOZOIC_QUATERNARY_part2.csv,
Navajo Volcanic Field,36.749178838863266,-109.27115579406275,19,3,21.073684210526313,GEOROC intraplate compilation,,,GEOROC:reduced_2026-06-RZZ9VM_COLORADO_PLATEAU.csv,
New South Wales Leucitite Suite,-36.3401,145.59630000000004,3,1,5.599999999999999,GEOROC intraplate compilation,,,GEOROC:reduced_2026-06-RZZ9VM_AUSTRALIA.csv,
Newer Volcanic Province,-37.15179011169316,140.91911158523706,64,5,1.7173125,GEOROC intraplate compilation,,,GEOROC:reduced_2026-06-RZZ9VM_AUSTRALIA.csv,
Newer Volcanic Province - Mount Gambier,-37.84545635393319,140.74826288536306,48,1,0.005,GEOROC intraplate compilation,,,GEOROC:reduced_2026-06-RZZ9VM_AUSTRALIA.csv,
Newer Volcanic Province - Mount Leura,-38.2333,143.14999999999998,1,1,2.0,GEOROC intraplate compilation,,,GEOROC:reduced_2026-06-RZZ9VM_AUSTRALIA.csv,
Newer Volcanic Province - Mount Porndon,-38.24818224667639,143.49585295948623,7,1,0.036,GEOROC intraplate compilation,,,GEOROC:reduced_2026-06-RZZ9VM_AUSTRALIA.csv,
Nikos Kimberlite,73.47699036243371,-90.97551530136738,6,1,100.0,GEOROC intraplate compilation,,,GEOROC:reduced_2026-06-RZZ9VM_CANADIAN_SHIELD.csv,
Ninglang Volcanic Field,27.42223938524922,100.83774433739256,3,1,24.0,GEOROC intraplate compilation,,,GEOROC:reduced_2026-06-RZZ9VM_CENTRAL_ASIAN_FOLDBELT_CENOZOIC_QUATERNARY_part2.csv,
Northern Syria,35.292535933299106,38.035873567749306,33,8,4.610545454545456,GEOROC intraplate compilation,,,GEOROC:reduced_2026-06-RZZ9VM_ARABIAN-NUBIAN_SHIELD.csv,
Nulla Province - Toomba Basalt,-19.56918812053888,145.36899451560143,29,2,0.013,GEOROC intraplate compilation,,,GEOROC:reduced_2026-06-RZZ9VM_AUSTRALIA.csv,
Nuominhe Volcanic Field,49.408627238190135,123.285186934913,13,1,1.0,GEOROC intraplate compilation,,,GEOROC:reduced_2026-06-RZZ9VM_CENTRAL_ASIAN_FOLDBELT_CENOZOIC_QUATERNARY_part2.csv,
Nuominhe Volcanic Field - Csi Fang,49.209,123.7423,1,1,1.0,GEOROC intraplate compilation,,,GEOROC:reduced_2026-06-RZZ9VM_CENTRAL_ASIAN_FOLDBELT_CENOZOIC_QUATERNARY_part2.csv,
Oatlands Volcanics,-40.923128931392384,146.1987386229514,2,2,20.0,GEOROC intraplate compilation,,,GEOROC:reduced_2026-06-RZZ9VM_AUSTRALIA.csv,
Oka Graben,52.00000000000001,98.99999999999999,45,1,10.8,GEOROC intraplate compilation,,,GEOROC:reduced_2026-06-RZZ9VM_CENTRAL_ASIAN_FOLDBELT_CENOZOIC_QUATERNARY_part2.csv,
Okcheon Belt,36.48,127.72000000000001,1,1,11.1,GEOROC intraplate compilation,,,GEOROC:reduced_2026-06-RZZ9VM_CENTRAL_ASIAN_FOLDBELT_CENOZOIC_QUATERNARY_part2.csv,
Older Volcanic Province - Ballan Graben,-35.99999999999998,143.99999999999997,73,1,18.0,GEOROC intraplate compilation,,,GEOROC:reduced_2026-06-RZZ9VM_AUSTRALIA.csv,
Osecna Complex,50.751002493856,15.00031030518584,45,1,59.0,GEOROC intraplate compilation,,,GEOROC:reduced_2026-06-RZZ9VM_EUROPEAN_OROGENIC_BELT_CENOZOIC_QUATERNARY.csv,
Paektsuan) Volcanic Field-,41.91830908582221,128.02759949907912,51,1,0.0009459999999999999,GEOROC intraplate compilation,,,GEOROC:reduced_2026-06-RZZ9VM_CENTRAL_ASIAN_FOLDBELT_CENOZOIC_QUATERNARY_part1.csv,
Paektsuan)-Baitoushan(P(A),41.00299516868597,130.75372170063602,4,3,0.013000000000000001,GEOROC intraplate compilation,,,GEOROC:reduced_2026-06-RZZ9VM_CENTRAL_ASIAN_FOLDBELT_CENOZOIC_QUATERNARY_part2.csv,
Panzhihua Volcanic Field,26.678952382570117,101.66237440722797,5,1,24.0,GEOROC intraplate compilation,,,GEOROC:reduced_2026-06-RZZ9VM_CENTRAL_ASIAN_FOLDBELT_CENOZOIC_QUATERNARY_part2.csv,
Pauliberg,47.6,16.329999999999984,2,1,11.0,GEOROC intraplate compilation,,,GEOROC:reduced_2026-06-RZZ9VM_CARPATHIAN_BELT_AND_PANNONIAN_BASIN.csv,
Penticton Group - Marron Formation,49.13,-118.67999999999999,15,1,52.0,GEOROC intraplate compilation,,,GEOROC:reduced_2026-06-RZZ9VM_NORTH_AMERICAN_CORDILLERA_CENOZOIC_QUATERNARY.csv,
Persani Volcanic Field - La Gruiu Scoria Cone,46.000046888670724,25.073293528394437,3,1,0.6,GEOROC intraplate compilation,,,GEOROC:reduced_2026-06-RZZ9VM_CARPATHIAN_BELT_AND_PANNONIAN_BASIN.csv,
Piebald Province - Bald Hills Formation,-15.100000000000001,145.10000000000002,2,1,1.4,GEOROC intraplate compilation,,,GEOROC:reduced_2026-06-RZZ9VM_AUSTRALIA.csv,
Pieniny Mountains,49.42000000000003,20.40000000000002,25,1,10.8,GEOROC intraplate compilation,,,GEOROC:reduced_2026-06-RZZ9VM_CARPATHIAN_BELT_AND_PANNONIAN_BASIN.csv,
Pleiku Plateau,13.901244265392966,108.06354650622231,16,3,2.8825,GEOROC intraplate compilation,,,GEOROC:reduced_2026-06-RZZ9VM_CENTRAL_ASIAN_FOLDBELT_CENOZOIC_QUATERNARY_part2.csv,
Poland,49.312502020555605,21.212490481863032,4,1,8.0,GEOROC intraplate compilation,,,GEOROC:reduced_2026-06-RZZ9VM_CARPATHIAN_BELT_AND_PANNONIAN_BASIN.csv,
Pre-Caldera Stage,38.3151,42.014700000000005,1,1,0.0,GEOROC intraplate compilation,,,GEOROC:reduced_2026-06-RZZ9VM_ANATOLIA-IRAN_BELT_part2.csv,
"Qinghai Province (34.0, 90.0)",34.00000000000002,90.0,36,1,4.27,GEOROC intraplate compilation,,,GEOROC:reduced_2026-06-RZZ9VM_CENTRAL_ASIAN_FOLDBELT_CENOZOIC_QUATERNARY_part2.csv,
"Qinghai Province (33.0, 96.7)",33.0,96.69999999999999,1,1,24.0,GEOROC intraplate compilation,,,GEOROC:reduced_2026-06-RZZ9VM_CENTRAL_ASIAN_FOLDBELT_CENOZOIC_QUATERNARY_part2.csv,
"Qinghai Province (35.5, 84.5)",35.50000000000003,84.5,14,1,11.649999999999997,GEOROC intraplate compilation,,,GEOROC:reduced_2026-06-RZZ9VM_CENTRAL_ASIAN_FOLDBELT_CENOZOIC_QUATERNARY_part2.csv,
Queensland,-16.000000000000004,144.0,8,1,0.01,GEOROC intraplate compilation,,,GEOROC:reduced_2026-06-RZZ9VM_AUSTRALIA.csv,
RhãN,50.465825949429366,10.203781421674607,11,2,17.818181818181817,GEOROC intraplate compilation,,,GEOROC:reduced_2026-06-RZZ9VM_EUROPEAN_OROGENIC_BELT_CENOZOIC_QUATERNARY.csv,
Roberts Victor Kimberlite,-28.4917,25.560300000000012,3,1,127.0,GEOROC intraplate compilation,,,GEOROC:reduced_2026-06-RZZ9VM_KAAPVAAL_CRATON.csv,
Rodderberg Volcanic Complex,50.76658053858932,7.897279791968005,25,1,0.3,GEOROC intraplate compilation,,,GEOROC:reduced_2026-06-RZZ9VM_EUROPEAN_OROGENIC_BELT_CENOZOIC_QUATERNARY.csv,
"Salta Rift (-21.4, -65.7)",-21.410700000000006,-65.71950000000001,3,1,20.0,GEOROC intraplate compilation,,,GEOROC:reduced_2026-06-RZZ9VM_ANDEAN_BASINS.csv,
"Salta Rift (-20.6, -65.6)",-20.638999999999996,-65.55,7,1,120.0,GEOROC intraplate compilation,,,GEOROC:reduced_2026-06-RZZ9VM_ANDEAN_BASINS.csv,
"Salta Rift (-26.7, -65.0)",-26.656000000000006,-64.95800000000001,7,1,100.0,GEOROC intraplate compilation,,,GEOROC:reduced_2026-06-RZZ9VM_ANDEAN_BASINS.csv,
"Salta Rift (-23.9, -66.3)",-23.9177,-66.33,2,1,100.0,GEOROC intraplate compilation,,,GEOROC:reduced_2026-06-RZZ9VM_ANDEAN_BASINS.csv,
"Salta Rift (-25.9, -65.7)",-25.88219645487097,-65.74617705419315,7,1,84.7,GEOROC intraplate compilation,,,GEOROC:reduced_2026-06-RZZ9VM_ANDEAN_BASINS.csv,
"Salta Rift (-26.6, -65.2)",-26.617000000000004,-65.1875,2,1,100.0,GEOROC intraplate compilation,,,GEOROC:reduced_2026-06-RZZ9VM_ANDEAN_BASINS.csv,
"Salta Rift (-27.5, -67.0)",-27.546000000000006,-66.982,5,1,130.0,GEOROC intraplate compilation,,,GEOROC:reduced_2026-06-RZZ9VM_ANDEAN_BASINS.csv,
"Salta Rift (-19.6, -65.4)",-19.554,-65.428,7,1,80.0,GEOROC intraplate compilation,,,GEOROC:reduced_2026-06-RZZ9VM_ANDEAN_BASINS.csv,
"Salta Rift (-33.7, -64.0)",-33.66,-64.0,3,1,70.0,GEOROC intraplate compilation,,,GEOROC:reduced_2026-06-RZZ9VM_ANDEAN_BASINS.csv,
San Francisco Volcanic Field,35.306074369466316,-111.1970911905929,101,2,186.86138613861385,GEOROC intraplate compilation,,,GEOROC:reduced_2026-06-RZZ9VM_COLORADO_PLATEAU.csv,
San Luis Caldera,37.75000000000001,-106.38,60,1,26.0,GEOROC intraplate compilation,,,GEOROC:reduced_2026-06-RZZ9VM_NORTH_AMERICAN_CORDILLERA_CENOZOIC_QUATERNARY.csv,
Sanandaj-Sirjan Arc,38.419999999999995,45.77,8,1,10.0,GEOROC intraplate compilation,,,GEOROC:reduced_2026-06-RZZ9VM_ANATOLIA-IRAN_BELT_part2.csv,
Sankeyushu Formation,41.727713900101975,125.63936326873608,27,1,119.0,GEOROC intraplate compilation,,,GEOROC:reduced_2026-06- RZZ9VM_CENTRAL_ASIAN_FOLDBELT_-_MESOZOIC_part3.csv,
Saray,37.82639576519068,45.51187825864843,14,1,11.0,GEOROC intraplate compilation,,,GEOROC:reduced_2026-06-RZZ9VM_ANATOLIA-IRAN_BELT_part2.csv,
Seblyavr Massif,68.6,32.079999999999984,14,1,0.38,GEOROC intraplate compilation,,,GEOROC:reduced_2026-06-RZZ9VM_BALTIC_SHIELD.csv,
Shahejie Group,39.05,118.32,31,1,35.4,GEOROC intraplate compilation,,,GEOROC:reduced_2026-06-RZZ9VM_CENTRAL_ASIAN_FOLDBELT_CENOZOIC_QUATERNARY_part2.csv,
"Shandong Province (36.0, 118.3)",35.99007887255642,118.26910749655632,43,1,16.4,GEOROC intraplate compilation,,,GEOROC:reduced_2026-06- RZZ9VM_CENTRAL_ASIAN_FOLDBELT_-_MESOZOIC_part3.csv,
"Shandong Province (36.1, 119.8)",36.14771573888007,119.82688053559167,69,1,98.0,GEOROC intraplate compilation,,,GEOROC:reduced_2026-06- RZZ9VM_CENTRAL_ASIAN_FOLDBELT_-_MESOZOIC_part3.csv,
"Shandong Province (35.3, 118.2)",35.278860330696794,118.16901989694335,15,1,125.0,GEOROC intraplate compilation,,,GEOROC:reduced_2026-06- RZZ9VM_CENTRAL_ASIAN_FOLDBELT_-_MESOZOIC_part3.csv,
"Shandong Province (35.3, 119.0)",35.2747,118.96190000000001,6,1,67.0,GEOROC intraplate compilation,,,GEOROC:reduced_2026-06-RZZ9VM_CENTRAL_ASIAN_FOLDBELT_MESOZOIC_part1.csv,
"Shandong Province (37.5, 122.1)",37.5,122.11000000000001,6,1,100.0,GEOROC intraplate compilation,,,GEOROC:reduced_2026-06- RZZ9VM_CENTRAL_ASIAN_FOLDBELT_-_MESOZOIC_part3.csv,
"Shandong Province (37.5, 121.4)",37.53,121.39999999999998,2,1,100.0,GEOROC intraplate compilation,,,GEOROC:reduced_2026-06- RZZ9VM_CENTRAL_ASIAN_FOLDBELT_-_MESOZOIC_part3.csv,
"Shandong Province (36.2, 120.7)",36.15999999999999,120.67000000000003,18,1,123.0,GEOROC intraplate compilation,,,GEOROC:reduced_2026-06- RZZ9VM_CENTRAL_ASIAN_FOLDBELT_-_MESOZOIC_part3.csv,
"Shandong Province (36.7, 117.9)",36.650000000000006,117.93000000000002,5,1,100.0,GEOROC intraplate compilation,,,GEOROC:reduced_2026-06- RZZ9VM_CENTRAL_ASIAN_FOLDBELT_-_MESOZOIC_part3.csv,
"Shandong Province (37.4, 120.5)",37.38371454825632,120.47086928142323,40,1,53.89,GEOROC intraplate compilation,,,GEOROC:reduced_2026-06- RZZ9VM_CENTRAL_ASIAN_FOLDBELT_-_MESOZOIC_part3.csv,
"Shangkuli Formation (48.5, 120.5)",48.5,120.50000000000001,2,1,116.0,GEOROC intraplate compilation,,,GEOROC:reduced_2026-06- RZZ9VM_CENTRAL_ASIAN_FOLDBELT_-_MESOZOIC_part3.csv,
"Shangkuli Formation (42.0, 112.0)",42.0,112.0,5,1,109.0,GEOROC intraplate compilation,,,GEOROC:reduced_2026-06- RZZ9VM_CENTRAL_ASIAN_FOLDBELT_-_MESOZOIC_part3.csv,
Shiquanhe,33.49999999999999,80.19999999999999,1,1,22.5,GEOROC intraplate compilation,,,GEOROC:reduced_2026-06-RZZ9VM_CENTRAL_ASIAN_FOLDBELT_CENOZOIC_QUATERNARY_part2.csv,
Shuangliao Volcanic Field - Aobaoshan,43.50692316975347,123.50692272404251,26,1,49.7,GEOROC intraplate compilation,,,GEOROC:reduced_2026-06-RZZ9VM_CENTRAL_ASIAN_FOLDBELT_CENOZOIC_QUATERNARY_part2.csv,
Shuangmiao Formation,30.499999999999986,116.5,18,1,125.0,GEOROC intraplate compilation,,,GEOROC:reduced_2026-06- RZZ9VM_CENTRAL_ASIAN_FOLDBELT_-_MESOZOIC_part3.csv,
Shuangtian Basalt,23.899999999999995,110.39999999999998,6,1,50.0,GEOROC intraplate compilation,,,GEOROC:reduced_2026-06-RZZ9VM_CENTRAL_ASIAN_FOLDBELT_CENOZOIC_QUATERNARY_part2.csv,
Sitke-Gerce (Sitke-Hercesghegy),47.014678686590024,17.018589047260907,25,1,4.55,GEOROC intraplate compilation,,,GEOROC:reduced_2026-06-RZZ9VM_CARPATHIAN_BELT_AND_PANNONIAN_BASIN.csv,
Slovakia,48.67,19.500000000000004,1,1,10.0,GEOROC intraplate compilation,,,GEOROC:reduced_2026-06-RZZ9VM_CARPATHIAN_BELT_AND_PANNONIAN_BASIN.csv,
Slypsteen Kimberlite,-29.999999999999996,22.0,1,1,120.0,GEOROC intraplate compilation,,,GEOROC:reduced_2026-06-RZZ9VM_KAAPVAAL_CRATON.csv,
Songaksan Formation,33.0,126.00000000000003,92,1,0.0037000000000000006,GEOROC intraplate compilation,,,GEOROC:reduced_2026-06-RZZ9VM_CENTRAL_ASIAN_FOLDBELT_CENOZOIC_QUATERNARY_part1.csv,
Southern Highlands Province,-34.13949827120569,150.12791177650956,14,2,30.0,GEOROC intraplate compilation,,,GEOROC:reduced_2026-06-RZZ9VM_AUSTRALIA.csv,
Sp Flow,35.595569196938364,-111.66966454752136,15,1,0.0,GEOROC intraplate compilation,,,GEOROC:reduced_2026-06-RZZ9VM_COLORADO_PLATEAU.csv,
Spences Bridge Group - Pimainus Formation,50.42000000000003,-121.35000000000004,24,1,100.0,GEOROC intraplate compilation,,,GEOROC:reduced_2026-06-RZZ9VM_NORTH_AMERICAN_CORDILLERA_MESOZOIC.csv,
Spences Bridge Group - Spius Formation,50.0,-121.0,4,1,100.0,GEOROC intraplate compilation,,,GEOROC:reduced_2026-06-RZZ9VM_NORTH_AMERICAN_CORDILLERA_MESOZOIC.csv,
Star Kimberlite,-28.314751529465838,26.78929979188658,20,1,124.0,GEOROC intraplate compilation,,,GEOROC:reduced_2026-06-RZZ9VM_KAAPVAAL_CRATON.csv,
Summit Lake,54.52000000000002,-122.63000000000001,1,1,26.0,GEOROC intraplate compilation,,,GEOROC:reduced_2026-06-RZZ9VM_NORTH_AMERICAN_CORDILLERA_CENOZOIC_QUATERNARY.csv,
Sutherland Pipe,-32.39,20.63999999999998,3,1,75.0,GEOROC intraplate compilation,,,GEOROC:reduced_2026-06-RZZ9VM_KAAPVAAL_CRATON.csv,
Swartruggens Main Dike,-25.592000000000002,26.652999999999995,15,1,156.0,GEOROC intraplate compilation,,,GEOROC:reduced_2026-06-RZZ9VM_KAAPVAAL_CRATON.csv,
Tahe Group,52.27037445010434,124.87084926715073,11,1,113.0,GEOROC intraplate compilation,,,GEOROC:reduced_2026-06- RZZ9VM_CENTRAL_ASIAN_FOLDBELT_-_MESOZOIC_part3.csv,
Taihang Basalt,37.560055553652084,113.51948606718909,9,2,6.7333333333333325,GEOROC intraplate compilation,,,GEOROC:reduced_2026-06-RZZ9VM_CENTRAL_ASIAN_FOLDBELT_CENOZOIC_QUATERNARY_part1.csv,
Taiwan Island,24.860089448980464,121.2555610206733,14,2,11.357142857142858,GEOROC intraplate compilation,,,GEOROC:reduced_2026-06-RZZ9VM_CENTRAL_ASIAN_FOLDBELT_CENOZOIC_QUATERNARY_part1.csv,
Tamulangou Formation,49.90690982514339,121.31092934570802,16,2,126.75,GEOROC intraplate compilation,,,GEOROC:reduced_2026-06- RZZ9VM_CENTRAL_ASIAN_FOLDBELT_-_MESOZOIC_part3.csv,
Tashan,31.99002518478207,118.94332099816485,3,1,16.3,GEOROC intraplate compilation,,,GEOROC:reduced_2026-06-RZZ9VM_CENTRAL_ASIAN_FOLDBELT_CENOZOIC_QUATERNARY_part2.csv,
Tasmania,-41.33597990768383,147.1244974472252,10,6,115.25,GEOROC intraplate compilation,,,GEOROC:reduced_2026-06-RZZ9VM_AUSTRALIA.csv,
Tastepe Volcanics,40.350000000000016,26.833300000000015,1,1,6.47,GEOROC intraplate compilation,,,GEOROC:reduced_2026-06-RZZ9VM_ANATOLIA-IRAN_BELT_part1.csv,
Tengchong Volcanic Field,25.000204902376595,98.78461560008147,65,2,1.6573846153846152,GEOROC intraplate compilation,,,GEOROC:reduced_2026-06-RZZ9VM_CENTRAL_ASIAN_FOLDBELT_CENOZOIC_QUATERNARY_part1.csv,
"Tibet (35.3, 91.0)",35.32999999999999,91.0,15,1,15.0,GEOROC intraplate compilation,,,GEOROC:reduced_2026-06-RZZ9VM_CENTRAL_ASIAN_FOLDBELT_CENOZOIC_QUATERNARY_part2.csv,
"Tibet (25.5, 100.5)",25.51102273261683,100.45364463533515,32,1,30.0,GEOROC intraplate compilation,,,GEOROC:reduced_2026-06-RZZ9VM_CENTRAL_ASIAN_FOLDBELT_CENOZOIC_QUATERNARY_part1.csv,
"Tibet (35.3, 81.7)",35.26433935526022,81.70104663228828,7,1,0.56,GEOROC intraplate compilation,,,GEOROC:reduced_2026-06-RZZ9VM_CENTRAL_ASIAN_FOLDBELT_CENOZOIC_QUATERNARY_part2.csv,
"Tibet (36.2, 81.7)",36.20008338907718,81.69974492779588,9,1,1.2,GEOROC intraplate compilation,,,GEOROC:reduced_2026-06-RZZ9VM_CENTRAL_ASIAN_FOLDBELT_CENOZOIC_QUATERNARY_part2.csv,
"Tibet (35.9, 90.6)",35.86553738852883,90.63271993033291,5,1,1.5,GEOROC intraplate compilation,,,GEOROC:reduced_2026-06-RZZ9VM_CENTRAL_ASIAN_FOLDBELT_CENOZOIC_QUATERNARY_part1.csv,
"Tibet (33.5, 90.2)",33.49999999999999,90.19999999999999,3,1,179.0,GEOROC intraplate compilation,,,GEOROC:reduced_2026-06- RZZ9VM_CENTRAL_ASIAN_FOLDBELT_-_MESOZOIC_part3.csv,
"Tibet (33.9, 83.1)",33.890651525029185,83.05995422592234,48,1,39.7,GEOROC intraplate compilation,,,GEOROC:reduced_2026-06- RZZ9VM_CENTRAL_ASIAN_FOLDBELT_-_MESOZOIC_part3.csv,
"Tibet (22.8, 103.0)",22.801258034178968,103.01154837367237,11,1,35.0,GEOROC intraplate compilation,,,GEOROC:reduced_2026-06-RZZ9VM_CENTRAL_ASIAN_FOLDBELT_CENOZOIC_QUATERNARY_part1.csv,
"Tibet (35.5, 82.7)",35.53000000000001,82.73000000000002,2,1,3.7,GEOROC intraplate compilation,,,GEOROC:reduced_2026-06-RZZ9VM_CENTRAL_ASIAN_FOLDBELT_CENOZOIC_QUATERNARY_part2.csv,
"Tibet (35.5, 82.8)",35.5,82.80000000000001,4,1,1.28,GEOROC intraplate compilation,,,GEOROC:reduced_2026-06-RZZ9VM_CENTRAL_ASIAN_FOLDBELT_CENOZOIC_QUATERNARY_part2.csv,
"Tibet (32.8, 84.4)",32.77228360278939,84.39054242181174,10,1,156.0,GEOROC intraplate compilation,,,GEOROC:reduced_2026-06-RZZ9VM_CENTRAL_ASIAN_FOLDBELT_MESOZOIC_part1.csv,
"Tibet (32.0, 84.0)",32.000000000000014,84.0,2,1,60.0,GEOROC intraplate compilation,,,GEOROC:reduced_2026-06-RZZ9VM_CENTRAL_ASIAN_FOLDBELT_CENOZOIC_QUATERNARY_part1.csv,
"Tibet (45.0, 121.0)",45.000000000000014,121.0,20,1,118.0,GEOROC intraplate compilation,,,GEOROC:reduced_2026-06-RZZ9VM_CENTRAL_ASIAN_FOLDBELT_MESOZOIC_part2.csv,
"Tibet (30.2, 90.7)",30.214341395651658,90.65719309414263,15,1,64.0,GEOROC intraplate compilation,,,GEOROC:reduced_2026-06-RZZ9VM_CENTRAL_ASIAN_FOLDBELT_CENOZOIC_QUATERNARY_part1.csv,
"Tibet (22.9, 102.7)",22.8674,102.6714,2,1,35.0,GEOROC intraplate compilation,,,GEOROC:reduced_2026-06-RZZ9VM_CENTRAL_ASIAN_FOLDBELT_CENOZOIC_QUATERNARY_part2.csv,
"Tibet (29.7, 83.7)",29.680799999999994,83.67329999999998,12,1,130.0,GEOROC intraplate compilation,,,GEOROC:reduced_2026-06-RZZ9VM_CENTRAL_ASIAN_FOLDBELT_MESOZOIC_part1.csv,
"Tibet (32.0, 85.0)",31.963700000000003,84.96659999999997,10,1,90.0,GEOROC intraplate compilation,,,GEOROC:reduced_2026-06- RZZ9VM_CENTRAL_ASIAN_FOLDBELT_-_MESOZOIC_part3.csv,
"Tibet (31.9, 82.0)",31.938087373896636,81.98902375928394,31,1,17.0,GEOROC intraplate compilation,,,GEOROC:reduced_2026-06-RZZ9VM_CENTRAL_ASIAN_FOLDBELT_CENOZOIC_QUATERNARY_part1.csv,
"Tibet (35.4, 91.3)",35.40660004362703,91.26538011760424,5,1,16.0,GEOROC intraplate compilation,,,GEOROC:reduced_2026-06-RZZ9VM_CENTRAL_ASIAN_FOLDBELT_CENOZOIC_QUATERNARY_part1.csv,
"Tibet (29.5, 87.3)",29.454999442947113,87.31835246399243,22,1,10.0,GEOROC intraplate compilation,,,GEOROC:reduced_2026-06-RZZ9VM_CENTRAL_ASIAN_FOLDBELT_CENOZOIC_QUATERNARY_part1.csv,
"Tibet (34.5, 87.0)",34.50000000000001,87.0,9,1,26.5,GEOROC intraplate compilation,,,GEOROC:reduced_2026-06-RZZ9VM_CENTRAL_ASIAN_FOLDBELT_CENOZOIC_QUATERNARY_part2.csv,
"Tibet (34.0, 87.7)",33.97750083800252,87.7041787608979,24,1,177.0,GEOROC intraplate compilation,,,GEOROC:reduced_2026-06- RZZ9VM_CENTRAL_ASIAN_FOLDBELT_-_MESOZOIC_part3.csv,
"Tibet (29.3, 88.8)",29.326668405530143,88.82000000091386,3,1,0.8000000000000002,GEOROC intraplate compilation,,,GEOROC:reduced_2026-06-RZZ9VM_CENTRAL_ASIAN_FOLDBELT_CENOZOIC_QUATERNARY_part2.csv,
"Tibet (29.0, 88.0)",29.00000000000001,88.0,7,1,12.0,GEOROC intraplate compilation,,,GEOROC:reduced_2026-06-RZZ9VM_CENTRAL_ASIAN_FOLDBELT_CENOZOIC_QUATERNARY_part2.csv,
"Tibet (32.9, 88.7)",32.88387708229317,88.74791997452088,38,1,38.3,GEOROC intraplate compilation,,,GEOROC:reduced_2026-06- RZZ9VM_CENTRAL_ASIAN_FOLDBELT_-_MESOZOIC_part3.csv,
"Tibet (35.3, 79.6)",35.33,79.57,5,1,5.2,GEOROC intraplate compilation,,,GEOROC:reduced_2026-06-RZZ9VM_CENTRAL_ASIAN_FOLDBELT_CENOZOIC_QUATERNARY_part2.csv,
"Tibet (35.5, 78.0)",35.50000000000002,78.0,19,1,3.8000000000000003,GEOROC intraplate compilation,,,GEOROC:reduced_2026-06-RZZ9VM_CENTRAL_ASIAN_FOLDBELT_CENOZOIC_QUATERNARY_part2.csv,
"Tibet (29.6, 89.3)",29.64986692538104,89.33346951172395,16,1,11.0,GEOROC intraplate compilation,,,GEOROC:reduced_2026-06-RZZ9VM_CENTRAL_ASIAN_FOLDBELT_CENOZOIC_QUATERNARY_part2.csv,
"Tibet (36.1, 79.1)",36.10004154444549,79.10012727185655,10,1,3.5099999999999993,GEOROC intraplate compilation,,,GEOROC:reduced_2026-06-RZZ9VM_CENTRAL_ASIAN_FOLDBELT_CENOZOIC_QUATERNARY_part2.csv,
"Tibet (35.5, 79.5)",35.5,79.5,6,1,5.23,GEOROC intraplate compilation,,,GEOROC:reduced_2026-06-RZZ9VM_CENTRAL_ASIAN_FOLDBELT_CENOZOIC_QUATERNARY_part2.csv,
"Tibet (26.5, 99.8)",26.512546238461518,99.83041294032293,5,1,35.0,GEOROC intraplate compilation,,,GEOROC:reduced_2026-06-RZZ9VM_CENTRAL_ASIAN_FOLDBELT_CENOZOIC_QUATERNARY_part2.csv,
"Tibet (30.9, 81.5)",30.85333945707575,81.46437651745615,9,1,10.0,GEOROC intraplate compilation,,,GEOROC:reduced_2026-06-RZZ9VM_CENTRAL_ASIAN_FOLDBELT_CENOZOIC_QUATERNARY_part2.csv,
"Tibet (32.2, 86.8)",32.19999999999999,86.80000000000001,6,1,34.3,GEOROC intraplate compilation,,,GEOROC:reduced_2026-06-RZZ9VM_CENTRAL_ASIAN_FOLDBELT_CENOZOIC_QUATERNARY_part2.csv,
"Tibet (32.5, 85.4)",32.50000000000001,85.39999999999998,4,1,36.1,GEOROC intraplate compilation,,,GEOROC:reduced_2026-06-RZZ9VM_CENTRAL_ASIAN_FOLDBELT_CENOZOIC_QUATERNARY_part2.csv,
"Tibet (30.9, 86.5)",30.86934864327553,86.52158304619228,13,1,8.0,GEOROC intraplate compilation,,,GEOROC:reduced_2026-06-RZZ9VM_CENTRAL_ASIAN_FOLDBELT_CENOZOIC_QUATERNARY_part2.csv,
"Tibet (31.2, 86.5)",31.200000000000014,86.5,4,1,8.0,GEOROC intraplate compilation,,,GEOROC:reduced_2026-06-RZZ9VM_CENTRAL_ASIAN_FOLDBELT_CENOZOIC_QUATERNARY_part2.csv,
"Tibet (35.9, 91.3)",35.87600000000002,91.29899999999998,8,1,15.0,GEOROC intraplate compilation,,,GEOROC:reduced_2026-06-RZZ9VM_CENTRAL_ASIAN_FOLDBELT_CENOZOIC_QUATERNARY_part1.csv,
"Tibet (31.5, 92.0)",31.500000000000018,92.0,12,1,113.0,GEOROC intraplate compilation,,,GEOROC:reduced_2026-06- RZZ9VM_CENTRAL_ASIAN_FOLDBELT_-_MESOZOIC_part3.csv,
"Tibet (28.9, 92.0)",28.8908,91.9522,1,1,17.0,GEOROC intraplate compilation,,,GEOROC:reduced_2026-06-RZZ9VM_CENTRAL_ASIAN_FOLDBELT_CENOZOIC_QUATERNARY_part2.csv,
"Tibet (35.6, 81.0)",35.60000000000001,81.0,6,1,0.0795,GEOROC intraplate compilation,,,GEOROC:reduced_2026-06-RZZ9VM_CENTRAL_ASIAN_FOLDBELT_CENOZOIC_QUATERNARY_part2.csv,
"Tibet (30.0, 86.1)",30.000037682845548,86.0947368367759,19,1,13.0,GEOROC intraplate compilation,,,GEOROC:reduced_2026-06-RZZ9VM_CENTRAL_ASIAN_FOLDBELT_CENOZOIC_QUATERNARY_part2.csv,
"Tibet (32.5, 80.1)",32.52,80.07,6,1,12.0,GEOROC intraplate compilation,,,GEOROC:reduced_2026-06-RZZ9VM_CENTRAL_ASIAN_FOLDBELT_CENOZOIC_QUATERNARY_part1.csv,
"Tibet (32.2, 81.2)",32.230000000000004,81.23000000000002,4,1,17.0,GEOROC intraplate compilation,,,GEOROC:reduced_2026-06-RZZ9VM_CENTRAL_ASIAN_FOLDBELT_CENOZOIC_QUATERNARY_part2.csv,
"Tibet (33.0, 86.7)",33.0,86.69999999999999,6,1,27.7,GEOROC intraplate compilation,,,GEOROC:reduced_2026-06-RZZ9VM_CENTRAL_ASIAN_FOLDBELT_CENOZOIC_QUATERNARY_part2.csv,
"Tibet (34.2, 92.4)",34.18,92.39999999999998,13,1,219.0,GEOROC intraplate compilation,,,GEOROC:reduced_2026-06- RZZ9VM_CENTRAL_ASIAN_FOLDBELT_-_MESOZOIC_part3.csv,
Tok Volcanic,55.6439,130.10249999999996,1,1,0.28,GEOROC intraplate compilation,,,GEOROC:reduced_2026-06-RZZ9VM_CENTRAL_ASIAN_FOLDBELT_CENOZOIC_QUATERNARY_part2.csv,
Tokaj Mountains,48.02848218120751,20.933555457153982,5,1,11.0,GEOROC intraplate compilation,,,GEOROC:reduced_2026-06-RZZ9VM_CARPATHIAN_BELT_AND_PANNONIAN_BASIN.csv,
Tsagan-Khurtei Volcanic Suite,51.61180286097991,111.36574675078226,20,1,209.0,GEOROC intraplate compilation,,,GEOROC:reduced_2026-06-RZZ9VM_CENTRAL_ASIAN_FOLDBELT_MESOZOIC_part2.csv,
Tunka Field,51.49999999999999,103.5,11,1,2.5,GEOROC intraplate compilation,,,GEOROC:reduced_2026-06-RZZ9VM_CENTRAL_ASIAN_FOLDBELT_CENOZOIC_QUATERNARY_part2.csv,
Tuva Volcanic Field,51.01393679119097,94.85742714870187,14,2,42.892857142857146,GEOROC intraplate compilation,,,GEOROC:reduced_2026-06-RZZ9VM_CENTRAL_ASIAN_FOLDBELT_MESOZOIC_part1.csv,
Undara,-18.300000000000004,144.60000000000002,25,1,0.9,GEOROC intraplate compilation,,,GEOROC:reduced_2026-06-RZZ9VM_AUSTRALIA.csv,
Upper Amur And Burinda Complexes,53.0,125.00000000000001,17,1,127.0,GEOROC intraplate compilation,,,GEOROC:reduced_2026-06-RZZ9VM_CENTRAL_ASIAN_FOLDBELT_PROTEROZOIC.csv,
Urach Volcanic Field,48.552837197255286,9.291853288666331,17,1,11.0,GEOROC intraplate compilation,,,GEOROC:reduced_2026-06-RZZ9VM_EUROPEAN_OROGENIC_BELT_CENOZOIC_QUATERNARY.csv,
Uroi,45.9114506764044,22.95018677681309,20,1,4.95,GEOROC intraplate compilation,,,GEOROC:reduced_2026-06-RZZ9VM_CARPATHIAN_BELT_AND_PANNONIAN_BASIN.csv,
Vakat,56.80000000000001,118.33,5,1,2.7,GEOROC intraplate compilation,,,GEOROC:reduced_2026-06-RZZ9VM_CENTRAL_ASIAN_FOLDBELT_CENOZOIC_QUATERNARY_part2.csv,
Valencia Trough,39.87000000000002,0.6699999999999875,30,1,0.3,GEOROC intraplate compilation,,,GEOROC:reduced_2026-06-RZZ9VM_EUROPEAN_OROGENIC_BELT_CENOZOIC_QUATERNARY.csv,
Vitim Plateau,53.77476770567646,112.81467630797816,147,2,6.0,GEOROC intraplate compilation,,,GEOROC:reduced_2026-06-RZZ9VM_CENTRAL_ASIAN_FOLDBELT_CENOZOIC_QUATERNARY_part1.csv,
Vogelsberg,50.27500268097051,9.155039382408903,2,2,11.0,GEOROC intraplate compilation,,,GEOROC:reduced_2026-06-RZZ9VM_EUROPEAN_OROGENIC_BELT_CENOZOIC_QUATERNARY.csv,
Vosges,48.42000086672543,6.480003933982582,3,1,28.0,GEOROC intraplate compilation,,,GEOROC:reduced_2026-06-RZZ9VM_EUROPEAN_OROGENIC_BELT_CENOZOIC_QUATERNARY.csv,
Voyageur Kimberlite,66.06,-111.87,1,1,174.0,GEOROC intraplate compilation,,,GEOROC:reduced_2026-06-RZZ9VM_CANADIAN_SHIELD.csv,
Wandsworth Volcanic Group - Dundee Rhyodacite,-28.8,151.60000000000002,1,1,240.8,GEOROC intraplate compilation,,,GEOROC:reduced_2026-06-RZZ9VM_AUSTRALIA.csv,
Wandsworth Volcanic Group - Emmaville Volcanics,-29.402413583442513,151.95565793163098,8,2,246.0,GEOROC intraplate compilation,,,GEOROC:reduced_2026-06-RZZ9VM_AUSTRALIA.csv,
Wesselton Kimberlite,-28.757635584061493,24.802739757260557,58,1,84.0,GEOROC intraplate compilation,,,GEOROC:reduced_2026-06-RZZ9VM_KAAPVAAL_CRATON.csv,
West Kettle River Volcanic Center,49.78,-119.07,1,1,1.0,GEOROC intraplate compilation,,,GEOROC:reduced_2026-06-RZZ9VM_NORTH_AMERICAN_CORDILLERA_CENOZOIC_QUATERNARY.csv,
Western Anatolian Volcanic Belt,39.80769015874475,27.124342789896303,58,4,9.172758620689656,GEOROC intraplate compilation,,,GEOROC:reduced_2026-06-RZZ9VM_ANATOLIA-IRAN_BELT_part1.csv,
Western Australia,-18.180000000000003,125.57999999999997,13,1,20.0,GEOROC intraplate compilation,,,GEOROC:reduced_2026-06-RZZ9VM_AUSTRALIA.csv,
Western Victorian Volcanic Field - Whitelaw Terran,-37.3625,143.97500000000002,3,1,0.0,GEOROC intraplate compilation,,,GEOROC:reduced_2026-06-RZZ9VM_AUSTRALIA.csv,
Westerwald,50.4630585744609,7.4475827642167,65,2,1.6934000000000002,GEOROC intraplate compilation,,,GEOROC:reduced_2026-06-RZZ9VM_EUROPEAN_OROGENIC_BELT_CENOZOIC_QUATERNARY.csv,
Whitsunday Volcanic Province,-20.2994,148.6698,1,1,120.0,GEOROC intraplate compilation,,,GEOROC:reduced_2026-06-RZZ9VM_AUSTRALIA.csv,
Wildcat Peak,32.580000000000005,-111.75000000000001,1,1,17.0,GEOROC intraplate compilation,,,GEOROC:reduced_2026-06-RZZ9VM_COLORADO_PLATEAU.csv,
Wonominta Block - Kara Beds,-30.890012304402273,141.8599916545602,6,2,8.0,GEOROC intraplate compilation,,,GEOROC:reduced_2026-06-RZZ9VM_AUSTRALIA.csv,
Wudalianchi-Erkeshan-Keluo Volcanic Field - Kedong,48.019591388993376,126.08478060758115,14,1,0.56,GEOROC intraplate compilation,,,GEOROC:reduced_2026-06-RZZ9VM_CENTRAL_ASIAN_FOLDBELT_CENOZOIC_QUATERNARY_part1.csv,
Wudalianchi-Erkeshan-Keluo Volcanic Field - Yaoqua,48.663774756369,126.08910973718432,9,2,0.25,GEOROC intraplate compilation,,,GEOROC:reduced_2026-06-RZZ9VM_CENTRAL_ASIAN_FOLDBELT_CENOZOIC_QUATERNARY_part2.csv,
Xiangshan Caldera,27.54999999999999,116.04000000000003,21,1,135.0,GEOROC intraplate compilation,,,GEOROC:reduced_2026-06- RZZ9VM_CENTRAL_ASIAN_FOLDBELT_-_MESOZOIC_part3.csv,
Xiaogulihe Volcanic Field - Ma^Anshan,49.75837458355,125.94969884372448,43,1,0.19,GEOROC intraplate compilation,,,GEOROC:reduced_2026-06-RZZ9VM_CENTRAL_ASIAN_FOLDBELT_CENOZOIC_QUATERNARY_part1.csv,
Xiaotian Formation,31.119256578997458,116.54147692669551,13,1,116.0,GEOROC intraplate compilation,,,GEOROC:reduced_2026-06- RZZ9VM_CENTRAL_ASIAN_FOLDBELT_-_MESOZOIC_part3.csv,
Xichang Volcanic,28.06301292278189,102.03642026397901,2,2,24.0,GEOROC intraplate compilation,,,GEOROC:reduced_2026-06-RZZ9VM_CENTRAL_ASIAN_FOLDBELT_CENOZOIC_QUATERNARY_part2.csv,
Xinjiang Province,39.94009546480244,76.44118100110359,13,3,124.01538461538462,GEOROC intraplate compilation,,,GEOROC:reduced_2026-06- RZZ9VM_CENTRAL_ASIAN_FOLDBELT_-_MESOZOIC_part3.csv,
Yakotut Complex,58.5,125.69999999999999,5,1,143.0,GEOROC intraplate compilation,,,GEOROC:reduced_2026-06- RZZ9VM_CENTRAL_ASIAN_FOLDBELT_-_MESOZOIC_part3.csv,
Yanshanian Volcanic-Intrusive Suite,28.000000000000007,112.0,8,1,85.0,GEOROC intraplate compilation,,,GEOROC:reduced_2026-06- RZZ9VM_CENTRAL_ASIAN_FOLDBELT_-_MESOZOIC_part3.csv,
Yanyuan Volcanic Field,27.610041049912482,101.39372225341187,8,1,24.0,GEOROC intraplate compilation,,,GEOROC:reduced_2026-06-RZZ9VM_CENTRAL_ASIAN_FOLDBELT_CENOZOIC_QUATERNARY_part2.csv,
Yao^An Volcanic Field,25.390725673502686,101.2608489008197,4,1,24.0,GEOROC intraplate compilation,,,GEOROC:reduced_2026-06-RZZ9VM_CENTRAL_ASIAN_FOLDBELT_CENOZOIC_QUATERNARY_part2.csv,
Yarrol-Tamworth Belt - Connors-Auburn Arch,-20.143834765223968,147.96977244188045,8,3,125.0,GEOROC intraplate compilation,,,GEOROC:reduced_2026-06-RZZ9VM_AUSTRALIA.csv,
Yerevan Province,40.22213395550104,44.262770526765465,14,2,2.5,GEOROC intraplate compilation,,,GEOROC:reduced_2026-06-RZZ9VM_ANATOLIA-IRAN_BELT_part2.csv,
Yingcheng Formation,45.00000000000001,124.99999999999999,15,1,113.0,GEOROC intraplate compilation,,,GEOROC:reduced_2026-06- RZZ9VM_CENTRAL_ASIAN_FOLDBELT_-_MESOZOIC_part3.csv,
Yixian Formation,42.31397465204865,121.8827756764303,46,2,131.2173913043478,GEOROC intraplate compilation,,,GEOROC:reduced_2026-06- RZZ9VM_CENTRAL_ASIAN_FOLDBELT_-_MESOZOIC_part3.csv,
Yongren Volcanic,26.13850000000001,101.60680000000002,1,1,24.0,GEOROC intraplate compilation,,,GEOROC:reduced_2026-06-RZZ9VM_CENTRAL_ASIAN_FOLDBELT_CENOZOIC_QUATERNARY_part2.csv,
Youyinggou Basalt,40.8383,112.87670000000003,8,1,21.9,GEOROC intraplate compilation,,,GEOROC:reduced_2026-06-RZZ9VM_CENTRAL_ASIAN_FOLDBELT_CENOZOIC_QUATERNARY_part2.csv,
"Yukon Territory (60.8, -141.4)",60.8,-141.42,8,1,210.0,GEOROC intraplate compilation,,,GEOROC:reduced_2026-06-RZZ9VM_NORTH_AMERICAN_CORDILLERA_CENOZOIC_QUATERNARY.csv,
"Yukon Territory (57.0, -127.3)",57.000000000000014,-127.3,11,1,170.0,GEOROC intraplate compilation,,,GEOROC:reduced_2026-06-RZZ9VM_NORTH_AMERICAN_CORDILLERA_PALEOZOIC.csv,
Yunnan Province,22.259101316322592,100.64529839231632,30,2,174.41666666666666,GEOROC intraplate compilation,,,GEOROC:reduced_2026-06-RZZ9VM_CENTRAL_ASIAN_FOLDBELT_CENOZOIC_QUATERNARY_part2.csv,
Zagros Thrust,35.443371038458864,46.40181303789356,28,2,81.57142857142857,GEOROC intraplate compilation,,,GEOROC:reduced_2026-06-RZZ9VM_ANATOLIA-IRAN_BELT_part1.csv,
Zhejiang Province,28.666773751848552,120.76653896609109,38,11,99.85526315789474,GEOROC intraplate compilation,,,GEOROC:reduced_2026-06- RZZ9VM_CENTRAL_ASIAN_FOLDBELT_-_MESOZOIC_part3.csv,
Zhilu Basalt,23.58000071392241,107.78363636360547,11,1,34.0,GEOROC intraplate compilation,,,GEOROC:reduced_2026-06-RZZ9VM_CENTRAL_ASIAN_FOLDBELT_CENOZOIC_QUATERNARY_part2.csv,
Zhongba Basalt,29.76491231571158,85.01717388265598,11,1,50.7,GEOROC intraplate compilation,,,GEOROC:reduced_2026-06-RZZ9VM_CENTRAL_ASIAN_FOLDBELT_CENOZOIC_QUATERNARY_part1.csv,
